site,month,calendar_days,k_mcar,k_block_1,k_block_2,k_weekday_heavy,k_weekend_heavy,k_markov,recommended_k,threshold_status,operational_status
001-0183,1,31,14,15,15,16,21,15,16,certified,complete_exact
001-0183,2,29,6,7,8,8,10,7,8,certified_calendar_sensitivity,complete_exact
001-0183,3,31,10,14,11,10,15,11,14,certified,incomplete_requires_prediction
001-0183,4,30,9,8,10,11,20,10,11,certified,incomplete_requires_prediction
001-0183,5,31,9,12,12,11,12,10,12,certified,complete_exact
001-0183,6,30,6,6,7,9,10,6,9,certified,complete_exact
001-0183,7,31,12,14,13,15,20,13,15,certified,complete_exact
001-0183,8,31,6,7,10,7,13,7,10,certified,complete_exact
001-0183,9,30,16,17,17,16,20,18,18,certified,incomplete_requires_prediction
001-0183,10,31,5,7,7,11,7,6,11,certified,complete_exact
001-0183,11,30,10,15,12,11,18,12,15,certified,complete_exact
001-0183,12,31,13,14,12,13,15,14,14,certified,incomplete_requires_prediction
001-0185,1,31,26,27,27,25,28,27,27,certified,complete_exact
001-0185,2,29,22,22,25,20,26,24,25,certified_calendar_sensitivity,complete_exact
001-0185,3,31,20,22,24,20,28,23,24,certified,complete_exact
001-0185,4,30,23,24,25,24,27,24,25,certified,complete_exact
001-0185,5,31,25,27,27,25,28,26,27,certified,complete_exact
001-0185,6,30,19,15,14,16,26,21,21,certified,complete_exact
001-0185,7,31,22,22,24,22,26,23,24,certified,complete_exact
001-0185,8,31,19,14,15,16,26,19,19,certified,incomplete_requires_prediction
001-0185,9,30,25,23,26,24,26,27,27,certified,incomplete_requires_prediction
001-0185,10,31,21,22,24,21,27,23,24,certified,complete_exact
001-0185,11,30,19,22,22,19,25,21,22,certified,complete_exact
001-0185,12,31,23,25,26,22,26,24,26,certified,complete_exact
003-0132,1,31,14,15,15,16,21,15,16,certified,complete_exact
003-0132,2,29,6,7,8,8,10,7,8,certified_calendar_sensitivity,complete_exact
003-0132,3,31,8,12,10,8,12,10,12,certified,complete_exact
003-0132,4,30,6,7,9,9,11,7,9,certified,complete_exact
003-0132,5,31,9,12,12,11,12,10,12,certified,incomplete_requires_prediction
003-0132,6,30,6,6,8,9,14,7,9,certified,complete_exact
003-0132,7,31,13,15,14,15,20,15,15,certified,complete_exact
003-0132,8,31,6,7,10,7,13,8,10,certified,complete_exact
003-0132,9,30,16,17,17,16,20,18,18,certified,incomplete_requires_prediction
003-0132,10,31,5,7,7,11,7,6,11,certified,complete_exact
003-0132,11,30,11,15,13,11,19,13,15,certified,complete_exact
003-0132,12,31,13,14,12,13,15,14,14,certified,complete_exact
003-0138,1,31,14,15,15,16,21,15,16,certified,complete_exact
003-0138,2,29,6,7,8,8,10,7,8,certified_calendar_sensitivity,complete_exact
003-0138,3,31,8,12,10,8,12,10,12,certified,complete_exact
003-0138,4,30,7,7,9,9,11,7,9,certified,complete_exact
003-0138,5,31,9,12,12,11,12,10,12,certified,complete_exact
003-0138,6,30,6,6,8,9,14,7,9,certified,complete_exact
003-0138,7,31,13,15,14,15,20,15,15,certified,complete_exact
003-0138,8,31,6,7,10,7,13,8,10,certified,incomplete_requires_prediction
003-0138,9,30,16,17,17,16,20,18,18,certified,incomplete_requires_prediction
003-0138,10,31,5,7,7,11,7,6,11,certified,complete_exact
003-0138,11,30,11,15,13,11,19,13,15,certified,complete_exact
003-0138,12,31,13,14,12,13,15,14,14,certified,complete_exact
005-0125,1,31,14,15,15,16,21,15,16,certified,complete_exact
005-0125,2,29,6,7,8,8,10,7,8,certified_calendar_sensitivity,complete_exact
005-0125,3,31,8,12,10,8,12,10,12,certified,complete_exact
005-0125,4,30,7,7,9,9,11,7,9,certified,complete_exact
005-0125,5,31,9,12,12,11,12,10,12,certified,complete_exact
005-0125,6,30,6,6,8,9,14,7,9,certified,complete_exact
005-0125,7,31,16,15,15,18,22,17,18,certified,complete_exact
005-0125,8,31,6,7,10,7,13,8,10,certified,complete_exact
005-0125,9,30,16,17,17,16,20,18,18,certified,incomplete_requires_prediction
005-0125,10,31,9,10,11,12,21,10,12,certified,complete_exact
005-0125,11,30,8,8,10,9,9,9,10,certified,complete_exact
005-0125,12,31,13,14,12,13,15,14,14,certified,complete_exact
009-0156,1,31,15,15,15,16,18,16,16,certified,complete_exact
009-0156,2,29,6,6,8,8,10,6,8,certified_calendar_sensitivity,complete_exact
009-0156,3,31,10,14,11,11,15,11,14,certified,complete_exact
009-0156,4,30,9,8,10,11,20,10,11,certified,complete_exact
009-0156,5,31,9,12,12,11,12,10,12,certified,complete_exact
009-0156,6,30,6,6,8,9,14,7,9,certified,complete_exact
009-0156,7,31,13,15,14,15,20,15,15,certified,complete_exact
009-0156,8,31,4,7,5,6,4,5,7,certified,complete_exact
009-0156,9,30,5,8,9,7,5,6,9,certified,incomplete_requires_prediction
009-0156,10,31,5,7,7,11,7,6,11,certified,complete_exact
009-0156,11,30,11,15,13,11,19,13,15,certified,complete_exact
009-0156,12,31,13,19,14,14,13,15,19,certified,complete_exact
013-0036,1,31,15,15,15,16,17,16,16,certified,complete_exact
013-0036,2,29,6,7,8,8,10,7,8,certified_calendar_sensitivity,complete_exact
013-0036,3,31,7,10,10,8,8,8,10,certified,complete_exact
013-0036,4,30,8,13,12,11,20,10,13,certified,complete_exact
013-0036,5,31,9,12,12,11,12,10,12,certified,complete_exact
013-0036,6,30,5,5,5,7,5,5,7,certified,complete_exact
013-0036,7,31,11,10,10,12,13,12,12,certified,complete_exact
013-0036,8,31,4,7,5,6,4,5,7,certified,complete_exact
013-0036,9,30,5,8,9,7,5,6,9,certified,incomplete_requires_prediction
013-0036,10,31,5,7,7,11,7,6,11,certified,complete_exact
013-0036,11,30,7,9,9,9,8,8,9,certified,complete_exact
013-0036,12,31,13,19,14,14,13,15,19,certified,complete_exact
015-0178,1,31,14,15,15,16,21,15,16,certified,complete_exact
015-0178,2,29,6,7,8,8,10,7,8,certified_calendar_sensitivity,complete_exact
015-0178,3,31,7,10,9,8,8,8,10,certified,complete_exact
015-0178,4,30,8,13,12,11,20,10,13,certified,complete_exact
015-0178,5,31,9,12,12,11,12,10,12,certified,complete_exact
015-0178,6,30,4,4,4,6,5,5,6,certified,complete_exact
015-0178,7,31,11,10,10,12,12,11,12,certified,complete_exact
015-0178,8,31,4,7,5,6,3,5,7,certified,complete_exact
015-0178,9,30,5,8,9,6,4,6,9,certified,incomplete_requires_prediction
015-0178,10,31,5,7,7,11,7,6,11,certified,complete_exact
015-0178,11,30,7,9,9,9,8,8,9,certified,complete_exact
015-0178,12,31,13,19,14,14,12,15,19,certified,complete_exact
015-0276,1,31,17,18,18,17,23,18,18,certified,incomplete_requires_prediction
015-0276,2,29,6,7,8,8,10,7,8,certified_calendar_sensitivity,complete_exact
015-0276,3,31,6,8,8,7,14,7,8,certified,complete_exact
015-0276,4,30,6,10,6,9,9,8,10,certified,complete_exact
015-0276,5,31,7,10,11,10,11,8,11,certified,complete_exact
015-0276,6,30,5,3,4,6,7,5,6,certified,complete_exact
015-0276,7,31,10,11,11,12,17,11,12,certified,complete_exact
015-0276,8,31,3,3,4,5,3,3,5,certified,complete_exact
015-0276,9,30,14,13,15,14,16,15,15,certified,incomplete_requires_prediction
015-0276,10,31,5,10,6,8,6,6,10,certified,complete_exact
015-0276,11,30,9,13,11,9,12,10,13,certified,complete_exact
015-0276,12,31,25,27,27,25,25,26,27,certified,complete_exact
017-0143,1,31,14,15,15,16,21,15,16,certified,complete_exact
017-0143,2,29,6,7,8,8,10,7,8,certified_calendar_sensitivity,complete_exact
017-0143,3,31,8,12,10,8,12,10,12,certified,complete_exact
017-0143,4,30,9,8,10,11,20,10,11,certified,complete_exact
017-0143,5,31,9,12,12,11,12,10,12,certified,complete_exact
017-0143,6,30,6,6,8,9,14,7,9,certified,complete_exact
017-0143,7,31,11,10,10,12,13,12,12,certified,complete_exact
017-0143,8,31,6,7,10,7,13,8,10,certified,complete_exact
017-0143,9,30,16,17,17,16,20,18,18,certified,incomplete_requires_prediction
017-0143,10,31,5,7,7,11,7,6,11,certified,complete_exact
017-0143,11,30,11,15,13,11,19,13,15,certified,complete_exact
017-0143,12,31,13,14,12,13,15,14,14,certified,complete_exact
021-0116,1,31,15,15,15,16,18,16,16,certified,complete_exact
021-0116,2,29,6,6,8,8,10,7,8,certified_calendar_sensitivity,complete_exact
021-0116,3,31,7,10,10,8,8,8,10,certified,complete_exact
021-0116,4,30,8,13,12,11,20,10,13,certified,complete_exact
021-0116,5,31,9,12,12,11,12,10,12,certified,complete_exact
021-0116,6,30,5,5,5,7,5,5,7,certified,complete_exact
021-0116,7,31,11,10,10,12,13,12,12,certified,complete_exact
021-0116,8,31,4,7,5,6,4,5,7,certified,complete_exact
021-0116,9,30,5,8,9,7,5,6,9,certified,incomplete_requires_prediction
021-0116,10,31,5,7,7,11,7,6,11,certified,complete_exact
021-0116,11,30,11,15,13,11,19,13,15,certified,complete_exact
021-0116,12,31,13,19,14,14,13,15,19,certified,complete_exact
021-0132,1,31,15,15,15,16,18,16,16,certified,complete_exact
021-0132,2,29,6,7,8,8,10,7,8,certified_calendar_sensitivity,complete_exact
021-0132,3,31,10,14,11,11,15,11,14,certified,complete_exact
021-0132,4,30,9,8,10,11,20,10,11,certified,complete_exact
021-0132,5,31,9,12,12,11,12,10,12,certified,complete_exact
021-0132,6,30,6,6,8,9,14,7,9,certified,complete_exact
021-0132,7,31,13,15,14,15,20,15,15,certified,complete_exact
021-0132,8,31,4,7,5,6,4,5,7,certified,incomplete_requires_prediction
021-0132,9,30,5,8,9,7,5,6,9,certified,incomplete_requires_prediction
021-0132,10,31,5,7,7,11,7,6,11,certified,complete_exact
021-0132,11,30,11,15,13,11,19,13,15,certified,complete_exact
021-0132,12,31,13,19,14,14,13,15,19,certified,complete_exact
021-0158,1,31,14,15,15,16,21,15,16,certified,no_target_record
021-0158,2,29,6,7,8,8,10,7,8,certified_calendar_sensitivity,no_target_record
021-0158,3,31,7,10,10,8,8,8,10,certified,incomplete_requires_prediction
021-0158,4,30,8,13,12,11,20,10,13,certified,complete_exact
021-0158,5,31,9,12,12,11,12,10,12,certified,complete_exact
021-0158,6,30,5,5,5,7,5,5,7,certified,complete_exact
021-0158,7,31,11,10,10,12,13,12,12,certified,complete_exact
021-0158,8,31,4,7,5,6,4,5,7,certified,incomplete_requires_prediction
021-0158,9,30,5,8,9,7,5,6,9,certified,incomplete_requires_prediction
021-0158,10,31,9,10,11,12,21,10,12,certified,complete_exact
021-0158,11,30,7,9,9,9,8,8,9,certified,complete_exact
021-0158,12,31,12,17,13,13,11,14,17,certified,complete_exact
021-0258,1,31,14,15,15,16,21,15,16,certified,no_target_record
021-0258,2,29,6,7,8,8,10,7,8,certified_calendar_sensitivity,no_target_record
021-0258,3,31,7,10,10,8,8,8,10,certified,incomplete_requires_prediction
021-0258,4,30,8,13,12,11,20,10,13,certified,complete_exact
021-0258,5,31,9,12,12,11,12,10,12,certified,complete_exact
021-0258,6,30,5,5,5,7,5,5,7,certified,complete_exact
021-0258,7,31,11,10,10,12,13,12,12,certified,complete_exact
021-0258,8,31,4,7,5,6,4,5,7,certified,complete_exact
021-0258,9,30,5,8,9,7,5,6,9,certified,incomplete_requires_prediction
021-0258,10,31,9,10,11,12,21,10,12,certified,complete_exact
021-0258,11,30,7,9,9,9,8,8,9,certified,complete_exact
021-0258,12,31,12,17,13,13,11,14,17,certified,complete_exact
021-0267,1,31,15,15,15,16,18,16,16,certified,complete_exact
021-0267,2,29,6,7,8,8,10,7,8,certified_calendar_sensitivity,complete_exact
021-0267,3,31,10,14,11,11,15,11,14,certified,complete_exact
021-0267,4,30,8,13,12,11,20,10,13,certified,complete_exact
021-0267,5,31,9,12,12,11,12,10,12,certified,complete_exact
021-0267,6,30,6,6,8,9,14,7,9,certified,complete_exact
021-0267,7,31,13,15,14,15,20,15,15,certified,complete_exact
021-0267,8,31,4,7,5,6,4,5,7,certified,complete_exact
021-0267,9,30,5,8,9,7,5,6,9,certified,incomplete_requires_prediction
021-0267,10,31,5,7,7,11,7,6,11,certified,complete_exact
021-0267,11,30,11,15,13,11,19,13,15,certified,complete_exact
021-0267,12,31,13,19,14,14,13,15,19,certified,complete_exact
021-0334,1,31,17,18,18,17,23,18,18,certified,complete_exact
021-0334,2,29,6,7,8,8,11,8,8,certified_calendar_sensitivity,complete_exact
021-0334,3,31,6,8,8,7,16,7,8,certified,complete_exact
021-0334,4,30,6,10,8,10,9,8,10,certified,complete_exact
021-0334,5,31,7,10,11,10,12,8,11,certified,complete_exact
021-0334,6,30,5,3,4,7,9,6,7,certified,complete_exact
021-0334,7,31,10,12,11,13,18,11,13,certified,complete_exact
021-0334,8,31,3,3,4,5,3,3,5,certified,complete_exact
021-0334,9,30,14,13,15,14,16,15,15,certified,incomplete_requires_prediction
021-0334,10,31,5,10,6,10,6,6,10,certified,complete_exact
021-0334,11,30,9,15,12,10,14,11,15,certified,complete_exact
021-0334,12,31,12,19,12,13,15,14,19,certified,complete_exact
021-0356,1,31,18,15,16,18,18,19,19,certified,complete_exact
021-0356,2,29,6,7,8,8,11,8,8,certified_calendar_sensitivity,complete_exact
021-0356,3,31,6,8,8,7,16,7,8,certified,complete_exact
021-0356,4,30,6,10,8,10,9,8,10,certified,complete_exact
021-0356,5,31,7,10,11,10,12,8,11,certified,complete_exact
021-0356,6,30,5,4,5,7,9,6,7,certified,complete_exact
021-0356,7,31,10,12,11,13,19,12,13,certified,incomplete_requires_prediction
021-0356,8,31,3,3,4,5,3,3,5,certified,complete_exact
021-0356,9,30,14,13,15,14,16,15,15,certified,incomplete_requires_prediction
021-0356,10,31,5,10,6,10,6,6,10,certified,complete_exact
021-0356,11,30,13,20,16,14,21,15,20,certified,complete_exact
021-0356,12,31,12,19,12,13,15,14,19,certified,complete_exact
021-0376,1,31,23,23,26,22,27,26,26,certified,complete_exact
021-0376,2,29,12,19,12,13,21,17,19,certified_calendar_sensitivity,complete_exact
021-0376,3,31,7,8,8,10,22,8,10,certified,complete_exact
021-0376,4,30,19,22,21,19,25,21,22,certified,incomplete_requires_prediction
021-0376,5,31,7,10,11,10,12,8,11,certified,no_target_record
021-0376,6,30,5,4,5,7,9,6,7,certified,no_target_record
021-0376,7,31,13,14,12,15,20,14,15,certified,no_target_record
021-0376,8,31,8,10,10,8,15,9,10,certified,no_target_record
021-0376,9,30,14,13,15,14,16,15,15,certified,no_target_record
021-0376,10,31,6,13,10,10,6,7,13,certified,no_target_record
021-0376,11,30,17,23,19,16,22,20,23,certified,no_target_record
021-0376,12,31,25,27,27,25,25,26,27,certified,no_target_record
021-0378,1,31,23,23,26,22,27,26,26,certified,complete_exact
021-0378,2,29,6,7,8,8,10,7,8,certified_calendar_sensitivity,complete_exact
021-0378,3,31,6,8,8,7,14,7,8,certified,complete_exact
021-0378,4,30,6,10,6,9,8,7,10,certified,complete_exact
021-0378,5,31,7,10,11,10,12,8,11,certified,complete_exact
021-0378,6,30,5,4,5,7,9,6,7,certified,complete_exact
021-0378,7,31,10,11,11,13,19,11,13,certified,incomplete_requires_prediction
021-0378,8,31,3,3,4,5,3,3,5,certified,incomplete_requires_prediction
021-0378,9,30,14,13,15,14,16,15,15,certified,incomplete_requires_prediction
021-0378,10,31,5,10,6,8,6,6,10,certified,incomplete_requires_prediction
021-0378,11,30,17,23,19,16,22,20,23,certified,complete_exact
021-0378,12,31,25,27,27,25,25,26,27,certified,complete_exact
021-0541,1,31,15,15,15,16,18,16,16,certified,complete_exact
021-0541,2,29,6,7,8,8,10,7,8,certified_calendar_sensitivity,incomplete_requires_prediction
021-0541,3,31,7,10,10,8,8,8,10,certified,complete_exact
021-0541,4,30,8,13,12,11,20,10,13,certified,complete_exact
021-0541,5,31,9,12,12,11,12,10,12,certified,complete_exact
021-0541,6,30,5,5,5,7,5,5,7,certified,complete_exact
021-0541,7,31,11,10,10,12,13,12,12,certified,incomplete_requires_prediction
021-0541,8,31,4,7,5,6,4,5,7,certified,complete_exact
021-0541,9,30,5,8,9,7,5,6,9,certified,incomplete_requires_prediction
021-0541,10,31,5,7,7,11,7,6,11,certified,complete_exact
021-0541,11,30,7,9,9,9,8,8,9,certified,complete_exact
021-0541,12,31,13,19,14,14,13,15,19,certified,complete_exact
021-0587,1,31,15,15,15,16,18,16,16,certified,complete_exact
021-0587,2,29,6,7,8,8,10,7,8,certified_calendar_sensitivity,complete_exact
021-0587,3,31,10,14,11,11,15,11,14,certified,complete_exact
021-0587,4,30,8,13,12,11,20,10,13,certified,complete_exact
021-0587,5,31,9,12,12,11,12,10,12,certified,complete_exact
021-0587,6,30,6,6,8,9,14,7,9,certified,complete_exact
021-0587,7,31,13,15,14,15,20,15,15,certified,complete_exact
021-0587,8,31,4,7,5,6,4,5,7,certified,complete_exact
021-0587,9,30,5,8,9,7,5,6,9,certified,incomplete_requires_prediction
021-0587,10,31,5,7,7,11,7,6,11,certified,complete_exact
021-0587,11,30,11,15,13,11,19,13,15,certified,complete_exact
021-0587,12,31,13,19,14,14,13,15,19,certified,complete_exact
021-w334,1,31,17,18,18,17,23,18,18,certified,complete_exact
021-w334,2,29,6,7,8,8,11,8,8,certified_calendar_sensitivity,complete_exact
021-w334,3,31,6,8,8,7,16,7,8,certified,complete_exact
021-w334,4,30,6,10,8,10,9,8,10,certified,complete_exact
021-w334,5,31,7,10,11,10,12,8,11,certified,complete_exact
021-w334,6,30,5,4,5,7,9,6,7,certified,complete_exact
021-w334,7,31,10,12,11,13,19,11,13,certified,complete_exact
021-w334,8,31,3,3,4,5,3,3,5,certified,complete_exact
021-w334,9,30,14,13,15,14,16,15,15,certified,incomplete_requires_prediction
021-w334,10,31,5,10,6,10,6,6,10,certified,complete_exact
021-w334,11,30,9,15,12,10,14,11,15,certified,complete_exact
021-w334,12,31,12,19,12,13,15,14,19,certified,complete_exact
023-0152,1,31,15,15,15,16,18,16,16,certified,complete_exact
023-0152,2,29,6,7,8,8,10,7,8,certified_calendar_sensitivity,complete_exact
023-0152,3,31,7,10,10,8,8,8,10,certified,complete_exact
023-0152,4,30,8,13,12,11,20,10,13,certified,complete_exact
023-0152,5,31,9,12,12,11,12,10,12,certified,complete_exact
023-0152,6,30,4,5,5,6,5,5,6,certified,complete_exact
023-0152,7,31,11,10,10,12,13,11,12,certified,complete_exact
023-0152,8,31,4,6,5,6,3,4,6,certified,complete_exact
023-0152,9,30,16,17,17,16,20,18,18,certified,incomplete_requires_prediction
023-0152,10,31,5,7,7,11,7,6,11,certified,complete_exact
023-0152,11,30,7,9,9,9,8,8,9,certified,complete_exact
023-0152,12,31,13,19,14,14,13,15,19,certified,complete_exact
025-0163,1,31,14,15,15,16,21,15,16,certified,complete_exact
025-0163,2,29,6,7,8,8,10,7,8,certified_calendar_sensitivity,complete_exact
025-0163,3,31,7,10,10,8,8,8,10,certified,complete_exact
025-0163,4,30,7,7,9,9,11,7,9,certified,complete_exact
025-0163,5,31,9,12,12,11,12,10,12,certified,complete_exact
025-0163,6,30,6,6,8,9,14,7,9,certified,complete_exact
025-0163,7,31,16,15,15,18,22,17,18,certified,complete_exact
025-0163,8,31,6,7,10,7,13,8,10,certified,complete_exact
025-0163,9,30,16,17,17,16,20,18,18,certified,incomplete_requires_prediction
025-0163,10,31,9,10,11,12,21,10,12,certified,complete_exact
025-0163,11,30,8,8,10,9,9,9,10,certified,complete_exact
025-0163,12,31,13,14,12,13,15,14,14,certified,complete_exact
029-0103,1,31,14,15,15,16,21,15,16,certified,complete_exact
029-0103,2,29,6,7,8,8,10,7,8,certified_calendar_sensitivity,complete_exact
029-0103,3,31,8,12,10,8,12,10,12,certified,complete_exact
029-0103,4,30,7,7,9,9,11,7,9,certified,complete_exact
029-0103,5,31,9,12,12,11,12,10,12,certified,complete_exact
029-0103,6,30,6,6,8,9,14,7,9,certified,complete_exact
029-0103,7,31,16,15,15,18,22,17,18,certified,complete_exact
029-0103,8,31,6,7,10,7,13,8,10,certified,complete_exact
029-0103,9,30,16,17,17,16,20,18,18,certified,incomplete_requires_prediction
029-0103,10,31,9,10,11,12,21,10,12,certified,complete_exact
029-0103,11,30,8,8,10,9,9,9,10,certified,complete_exact
029-0103,12,31,13,14,12,13,15,14,14,certified,complete_exact
029-0178,1,31,14,15,15,16,21,15,16,certified,complete_exact
029-0178,2,29,6,7,8,8,10,7,8,certified_calendar_sensitivity,complete_exact
029-0178,3,31,8,12,10,8,12,10,12,certified,complete_exact
029-0178,4,30,6,7,9,9,11,7,9,certified,complete_exact
029-0178,5,31,9,12,12,11,12,10,12,certified,complete_exact
029-0178,6,30,6,6,8,9,14,7,9,certified,complete_exact
029-0178,7,31,16,15,15,18,22,17,18,certified,complete_exact
029-0178,8,31,6,7,10,7,13,8,10,certified,incomplete_requires_prediction
029-0178,9,30,16,16,17,16,20,18,18,certified,incomplete_requires_prediction
029-0178,10,31,9,10,11,12,21,10,12,certified,complete_exact
029-0178,11,30,8,8,10,9,9,9,10,certified,complete_exact
029-0178,12,31,13,14,12,13,15,14,14,certified,complete_exact
029-0189,1,31,23,23,26,22,27,26,26,certified,complete_exact
029-0189,2,29,12,19,12,13,21,17,19,certified_calendar_sensitivity,complete_exact
029-0189,3,31,7,8,7,8,20,7,8,certified,complete_exact
029-0189,4,30,19,22,21,19,25,21,22,certified,complete_exact
029-0189,5,31,7,10,11,10,12,8,11,certified,complete_exact
029-0189,6,30,5,4,5,7,9,6,7,certified,complete_exact
029-0189,7,31,13,14,12,15,20,14,15,certified,complete_exact
029-0189,8,31,8,10,10,8,15,9,10,certified,incomplete_requires_prediction
029-0189,9,30,14,13,14,14,16,15,15,certified,incomplete_requires_prediction
029-0189,10,31,6,13,10,10,6,7,13,certified,complete_exact
029-0189,11,30,13,20,16,12,21,15,20,certified,complete_exact
029-0189,12,31,25,27,27,25,25,26,27,certified,complete_exact
031-0187,1,31,14,15,15,16,21,15,16,certified,complete_exact
031-0187,2,29,6,7,8,8,10,7,8,certified_calendar_sensitivity,complete_exact
031-0187,3,31,8,12,10,8,12,10,12,certified,complete_exact
031-0187,4,30,7,7,9,9,11,7,9,certified,complete_exact
031-0187,5,31,9,12,12,11,12,10,12,certified,complete_exact
031-0187,6,30,6,6,8,9,14,7,9,certified,complete_exact
031-0187,7,31,16,15,15,18,22,17,18,certified,complete_exact
031-0187,8,31,6,7,9,7,13,7,9,certified,complete_exact
031-0187,9,30,16,17,17,16,20,18,18,certified,incomplete_requires_prediction
031-0187,10,31,9,10,11,12,21,10,12,certified,complete_exact
031-0187,11,30,8,8,10,9,9,9,10,certified,complete_exact
031-0187,12,31,13,14,12,13,15,14,14,certified,complete_exact
035-0127,1,31,23,23,26,22,27,26,26,certified,complete_exact
035-0127,2,29,12,19,12,13,21,17,19,certified_calendar_sensitivity,complete_exact
035-0127,3,31,6,8,8,7,14,7,8,certified,complete_exact
035-0127,4,30,19,22,21,19,25,21,22,certified,complete_exact
035-0127,5,31,7,10,11,10,12,8,11,certified,complete_exact
035-0127,6,30,5,4,5,7,9,6,7,certified,complete_exact
035-0127,7,31,13,14,12,15,20,14,15,certified,complete_exact
035-0127,8,31,8,10,10,8,15,9,10,certified,complete_exact
035-0127,9,30,14,13,15,14,16,15,15,certified,incomplete_requires_prediction
035-0127,10,31,6,13,10,10,6,7,13,certified,incomplete_requires_prediction
035-0127,11,30,17,23,19,16,22,19,23,certified,complete_exact
035-0127,12,31,25,27,27,25,25,26,27,certified,complete_exact
039-0145,1,31,14,15,15,16,21,15,16,certified,complete_exact
039-0145,2,29,6,7,8,8,10,7,8,certified_calendar_sensitivity,complete_exact
039-0145,3,31,8,12,10,8,12,10,12,certified,complete_exact
039-0145,4,30,7,7,9,9,11,7,9,certified,complete_exact
039-0145,5,31,9,12,12,11,12,10,12,certified,complete_exact
039-0145,6,30,6,6,8,9,14,7,9,certified,complete_exact
039-0145,7,31,16,15,15,18,22,17,18,certified,incomplete_requires_prediction
039-0145,8,31,6,7,10,7,13,8,10,certified,complete_exact
039-0145,9,30,16,17,17,16,20,18,18,certified,incomplete_requires_prediction
039-0145,10,31,9,10,11,12,21,10,12,certified,complete_exact
039-0145,11,30,8,8,10,9,9,9,10,certified,complete_exact
039-0145,12,31,13,14,12,13,15,14,14,certified,complete_exact
039-0218,1,31,23,23,26,22,27,26,26,certified,complete_exact
039-0218,2,29,12,18,11,13,21,16,18,certified_calendar_sensitivity,complete_exact
039-0218,3,31,7,8,7,8,20,7,8,certified,complete_exact
039-0218,4,30,19,22,21,19,25,21,22,certified,complete_exact
039-0218,5,31,7,10,11,10,12,8,11,certified,complete_exact
039-0218,6,30,5,4,5,7,8,6,7,certified,complete_exact
039-0218,7,31,11,12,11,13,19,12,13,certified,complete_exact
039-0218,8,31,7,10,10,8,15,9,10,certified,complete_exact
039-0218,9,30,13,11,14,14,15,15,15,certified,incomplete_requires_prediction
039-0218,10,31,6,13,10,10,6,7,13,certified,incomplete_requires_prediction
039-0218,11,30,12,20,15,11,21,14,20,certified,complete_exact
039-0218,12,31,11,16,6,12,14,13,16,certified,complete_exact
039-0228,1,31,22,23,26,22,27,25,26,certified,incomplete_requires_prediction
039-0228,2,29,12,19,12,13,21,17,19,certified_calendar_sensitivity,complete_exact
039-0228,3,31,7,8,8,10,22,8,10,certified,complete_exact
039-0228,4,30,19,22,21,19,25,21,22,certified,complete_exact
039-0228,5,31,7,10,11,10,12,8,11,certified,complete_exact
039-0228,6,30,5,4,5,7,9,6,7,certified,complete_exact
039-0228,7,31,13,14,12,15,20,14,15,certified,complete_exact
039-0228,8,31,8,10,10,8,15,9,10,certified,incomplete_requires_prediction
039-0228,9,30,13,12,14,14,15,15,15,certified,complete_exact
039-0228,10,31,6,13,10,10,6,7,13,certified,incomplete_requires_prediction
039-0228,11,30,17,23,19,16,22,19,23,certified,incomplete_requires_prediction
039-0228,12,31,24,27,26,24,24,25,27,certified,complete_exact
043-0163,1,31,23,23,26,22,27,26,26,certified,complete_exact
043-0163,2,29,12,19,12,13,21,17,19,certified_calendar_sensitivity,incomplete_requires_prediction
043-0163,3,31,7,8,8,10,22,8,10,certified,complete_exact
043-0163,4,30,19,22,21,19,25,21,22,certified,complete_exact
043-0163,5,31,7,10,11,10,12,8,11,certified,complete_exact
043-0163,6,30,5,4,5,7,9,6,7,certified,complete_exact
043-0163,7,31,13,14,12,15,20,14,15,certified,complete_exact
043-0163,8,31,8,10,10,8,15,9,10,certified,incomplete_requires_prediction
043-0163,9,30,14,13,15,14,16,15,15,certified,incomplete_requires_prediction
043-0163,10,31,6,13,10,10,6,7,13,certified,incomplete_requires_prediction
043-0163,11,30,17,23,19,16,22,19,23,certified,complete_exact
043-0163,12,31,25,27,27,25,25,26,27,certified,complete_exact
047-0114,1,31,18,15,16,18,18,19,19,certified,complete_exact
047-0114,2,29,6,7,8,8,11,7,8,certified_calendar_sensitivity,complete_exact
047-0114,3,31,6,8,8,7,16,7,8,certified,complete_exact
047-0114,4,30,6,10,7,10,9,8,10,certified,complete_exact
047-0114,5,31,7,10,11,10,12,8,11,certified,complete_exact
047-0114,6,30,5,4,5,7,9,6,7,certified,complete_exact
047-0114,7,31,13,14,12,15,20,14,15,certified,complete_exact
047-0114,8,31,3,3,4,5,3,3,5,certified,complete_exact
047-0114,9,30,14,13,15,14,16,15,15,certified,incomplete_requires_prediction
047-0114,10,31,5,10,6,10,6,6,10,certified,complete_exact
047-0114,11,30,9,15,12,10,14,11,15,certified,complete_exact
047-0114,12,31,25,27,27,25,25,26,27,certified,complete_exact
051-0107,1,31,25,26,26,25,28,26,26,certified,complete_exact
051-0107,2,29,22,22,25,20,26,24,25,certified_calendar_sensitivity,complete_exact
051-0107,3,31,20,22,24,20,28,23,24,certified,complete_exact
051-0107,4,30,23,24,25,24,27,24,25,certified,complete_exact
051-0107,5,31,24,23,26,22,28,25,26,certified,complete_exact
051-0107,6,30,17,15,14,16,26,20,20,certified,complete_exact
051-0107,7,31,18,18,17,20,25,19,20,certified,complete_exact
051-0107,8,31,16,14,14,16,23,16,16,certified,incomplete_requires_prediction
051-0107,9,30,24,22,26,24,26,25,26,certified,incomplete_requires_prediction
051-0107,10,31,19,22,21,21,25,21,22,certified,complete_exact
051-0107,11,30,16,14,18,16,21,18,18,certified,incomplete_requires_prediction
051-0107,12,31,20,24,24,20,22,22,24,certified,complete_exact
051-0109,1,31,14,15,15,16,21,15,16,certified,complete_exact
051-0109,2,29,6,7,8,8,10,7,8,certified_calendar_sensitivity,complete_exact
051-0109,3,31,8,12,10,8,12,10,12,certified,complete_exact
051-0109,4,30,7,7,9,9,11,7,9,certified,complete_exact
051-0109,5,31,9,12,12,11,12,10,12,certified,complete_exact
051-0109,6,30,6,6,8,9,14,7,9,certified,complete_exact
051-0109,7,31,16,15,15,18,22,17,18,certified,complete_exact
051-0109,8,31,6,7,10,7,13,8,10,certified,incomplete_requires_prediction
051-0109,9,30,16,17,17,16,20,18,18,certified,incomplete_requires_prediction
051-0109,10,31,9,10,11,12,21,10,12,certified,complete_exact
051-0109,11,30,8,8,10,9,9,9,10,certified,complete_exact
051-0109,12,31,13,14,12,13,15,14,14,certified,complete_exact
051-0129,1,31,23,23,26,22,27,26,26,certified,complete_exact
051-0129,2,29,12,19,12,13,21,17,19,certified_calendar_sensitivity,complete_exact
051-0129,3,31,7,8,8,10,22,8,10,certified,complete_exact
051-0129,4,30,19,22,21,19,25,21,22,certified,complete_exact
051-0129,5,31,7,10,10,10,11,8,10,certified,complete_exact
051-0129,6,30,5,3,4,7,8,6,7,certified,complete_exact
051-0129,7,31,10,12,11,12,18,11,12,certified,complete_exact
051-0129,8,31,8,10,10,8,15,9,10,certified,complete_exact
051-0129,9,30,14,13,15,14,16,15,15,certified,incomplete_requires_prediction
051-0129,10,31,6,13,10,10,6,7,13,certified,complete_exact
051-0129,11,30,13,20,16,12,21,15,20,certified,complete_exact
051-0129,12,31,12,19,12,13,14,14,19,certified,complete_exact
051-0138,1,31,23,23,26,22,27,26,26,certified,no_target_record
051-0138,2,29,12,19,12,13,21,17,19,certified_calendar_sensitivity,no_target_record
051-0138,3,31,7,8,7,8,20,7,8,certified,incomplete_requires_prediction
051-0138,4,30,19,22,21,19,25,21,22,certified,complete_exact
051-0138,5,31,7,10,11,10,12,8,11,certified,complete_exact
051-0138,6,30,5,3,4,6,7,5,6,certified,complete_exact
051-0138,7,31,11,12,11,13,19,12,13,certified,complete_exact
051-0138,8,31,8,10,10,8,15,9,10,certified,complete_exact
051-0138,9,30,14,13,15,14,16,15,15,certified,incomplete_requires_prediction
051-0138,10,31,6,13,10,10,6,7,13,certified,incomplete_requires_prediction
051-0138,11,30,12,20,15,11,21,14,20,certified,complete_exact
051-0138,12,31,12,19,12,13,15,14,19,certified,complete_exact
051-0169,1,31,23,23,26,22,27,26,26,certified,no_target_record
051-0169,2,29,12,19,12,13,21,17,19,certified_calendar_sensitivity,no_target_record
051-0169,3,31,7,8,7,8,20,7,8,certified,no_target_record
051-0169,4,30,19,22,21,19,25,21,22,certified,no_target_record
051-0169,5,31,7,10,11,10,12,8,11,certified,no_target_record
051-0169,6,30,5,3,4,6,7,5,6,certified,no_target_record
051-0169,7,31,11,12,11,13,19,12,13,certified,incomplete_requires_prediction
051-0169,8,31,8,10,10,8,15,9,10,certified,incomplete_requires_prediction
051-0169,9,30,14,13,15,14,16,15,15,certified,incomplete_requires_prediction
051-0169,10,31,6,13,10,10,6,7,13,certified,incomplete_requires_prediction
051-0169,11,30,12,20,15,11,21,14,20,certified,complete_exact
051-0169,12,31,12,19,12,13,15,14,19,certified,complete_exact
051-0264,1,31,14,15,15,15,21,15,15,certified,complete_exact
051-0264,2,29,6,7,8,8,8,7,8,certified_calendar_sensitivity,complete_exact
051-0264,3,31,7,10,9,7,6,8,10,certified,complete_exact
051-0264,4,30,8,13,12,10,14,10,13,certified,complete_exact
051-0264,5,31,9,12,12,10,11,10,12,certified,complete_exact
051-0264,6,30,4,4,2,6,3,4,6,certified,complete_exact
051-0264,7,31,14,11,13,16,20,15,16,certified,complete_exact
051-0264,8,31,6,5,5,7,6,7,7,certified,incomplete_requires_prediction
051-0264,9,30,15,17,17,15,18,17,17,certified,incomplete_requires_prediction
051-0264,10,31,7,9,10,11,13,8,11,certified,complete_exact
051-0264,11,30,8,8,10,9,8,9,10,certified,complete_exact
051-0264,12,31,12,14,12,13,13,13,14,certified,complete_exact
051-0318,1,31,26,26,27,25,28,27,27,certified,incomplete_requires_prediction
051-0318,2,29,22,22,25,20,26,24,25,certified_calendar_sensitivity,complete_exact
051-0318,3,31,20,22,24,20,28,23,24,certified,complete_exact
051-0318,4,30,23,24,25,24,27,24,25,certified,complete_exact
051-0318,5,31,25,27,27,25,28,26,27,certified,complete_exact
051-0318,6,30,19,15,14,16,26,21,21,certified,complete_exact
051-0318,7,31,22,22,24,22,26,23,24,certified,complete_exact
051-0318,8,31,19,14,15,16,26,19,19,certified,incomplete_requires_prediction
051-0318,9,30,25,23,26,24,26,27,27,certified,incomplete_requires_prediction
051-0318,10,31,21,22,24,21,27,23,24,certified,complete_exact
051-0318,11,30,19,22,22,19,25,21,22,certified,complete_exact
051-0318,12,31,23,25,26,22,26,24,26,certified,complete_exact
051-0334,1,31,14,15,15,16,21,15,16,certified,complete_exact
051-0334,2,29,6,7,8,8,10,7,8,certified_calendar_sensitivity,complete_exact
051-0334,3,31,8,12,10,8,12,10,12,certified,complete_exact
051-0334,4,30,7,7,9,9,11,7,9,certified,complete_exact
051-0334,5,31,9,12,12,11,12,10,12,certified,complete_exact
051-0334,6,30,6,6,8,9,14,6,9,certified,complete_exact
051-0334,7,31,16,15,15,18,22,17,18,certified,complete_exact
051-0334,8,31,6,7,10,7,13,8,10,certified,incomplete_requires_prediction
051-0334,9,30,16,16,17,16,20,18,18,certified,incomplete_requires_prediction
051-0334,10,31,9,10,11,12,21,10,12,certified,complete_exact
051-0334,11,30,8,8,10,9,9,9,10,certified,complete_exact
051-0334,12,31,13,14,12,13,15,14,14,certified,complete_exact
051-0376,1,31,23,23,26,22,27,26,26,certified,complete_exact
051-0376,2,29,12,19,12,13,21,17,19,certified_calendar_sensitivity,complete_exact
051-0376,3,31,7,8,8,10,22,8,10,certified,complete_exact
051-0376,4,30,19,22,21,19,25,21,22,certified,complete_exact
051-0376,5,31,7,10,11,10,12,8,11,certified,complete_exact
051-0376,6,30,5,4,5,7,9,6,7,certified,complete_exact
051-0376,7,31,11,12,11,13,19,12,13,certified,incomplete_requires_prediction
051-0376,8,31,8,10,10,8,15,9,10,certified,incomplete_requires_prediction
051-0376,9,30,14,11,14,14,15,15,15,certified,incomplete_requires_prediction
051-0376,10,31,6,13,10,10,6,7,13,certified,complete_exact
051-0376,11,30,13,20,16,14,21,15,20,certified,complete_exact
051-0376,12,31,12,19,12,13,15,14,19,certified,complete_exact
051-0387,1,31,23,23,26,22,27,26,26,certified,incomplete_requires_prediction
051-0387,2,29,12,18,11,13,21,16,18,certified_calendar_sensitivity,incomplete_requires_prediction
051-0387,3,31,7,8,8,10,22,8,10,certified,incomplete_requires_prediction
051-0387,4,30,19,22,21,19,25,21,22,certified,complete_exact
051-0387,5,31,7,10,11,10,12,8,11,certified,complete_exact
051-0387,6,30,5,3,4,6,7,5,6,certified,complete_exact
051-0387,7,31,11,12,11,13,19,12,13,certified,complete_exact
051-0387,8,31,8,10,10,8,15,9,10,certified,incomplete_requires_prediction
051-0387,9,30,14,13,15,14,16,15,15,certified,incomplete_requires_prediction
051-0387,10,31,6,13,10,10,6,7,13,certified,incomplete_requires_prediction
051-0387,11,30,12,20,16,12,21,15,20,certified,complete_exact
051-0387,12,31,12,19,12,13,15,14,19,certified,complete_exact
051-0390,1,31,19,18,19,20,23,21,21,certified,complete_exact
051-0390,2,29,7,11,8,9,8,8,11,certified_calendar_sensitivity,complete_exact
051-0390,3,31,10,10,12,11,22,11,12,certified_finite_cohorts,incomplete_requires_prediction
051-0390,4,30,18,22,23,17,22,22,23,certified,complete_exact
051-0390,5,31,9,14,12,11,11,11,14,certified,complete_exact
051-0390,6,30,7,7,9,9,11,8,9,certified,complete_exact
051-0390,7,31,15,13,15,16,22,16,16,certified,complete_exact
051-0390,8,31,6,7,7,7,5,7,7,certified,incomplete_requires_prediction
051-0390,9,30,18,17,19,19,17,20,20,certified,no_target_record
051-0390,10,31,11,17,14,13,16,13,17,certified,no_target_record
051-0390,11,30,13,19,15,12,18,15,19,certified,no_target_record
051-0390,12,31,20,21,23,20,25,22,23,certified,no_target_record
051-0509,1,31,26,27,27,25,28,27,27,certified,complete_exact
051-0509,2,29,22,22,25,20,26,24,25,certified_calendar_sensitivity,complete_exact
051-0509,3,31,20,22,24,20,28,23,24,certified,complete_exact
051-0509,4,30,23,24,25,24,27,24,25,certified,complete_exact
051-0509,5,31,25,27,27,25,28,26,27,certified,complete_exact
051-0509,6,30,19,15,14,16,26,21,21,certified,complete_exact
051-0509,7,31,22,22,24,22,26,23,24,certified,complete_exact
051-0509,8,31,19,14,15,16,26,19,19,certified,complete_exact
051-0509,9,30,25,23,26,24,26,27,27,certified,incomplete_requires_prediction
051-0509,10,31,21,22,24,21,27,23,24,certified,complete_exact
051-0509,11,30,19,22,22,19,25,21,22,certified,complete_exact
051-0509,12,31,23,25,26,22,26,24,26,certified,complete_exact
051-0649,1,31,14,15,15,15,21,15,15,certified,incomplete_requires_prediction
051-0649,2,29,6,7,8,8,9,7,8,certified_calendar_sensitivity,complete_exact
051-0649,3,31,7,10,10,8,8,8,10,certified,complete_exact
051-0649,4,30,8,13,12,11,16,10,13,certified,complete_exact
051-0649,5,31,9,12,12,10,11,10,12,certified,complete_exact
051-0649,6,30,4,4,2,6,4,4,6,certified,complete_exact
051-0649,7,31,15,10,13,16,22,16,16,certified,incomplete_requires_prediction
051-0649,8,31,6,7,10,7,11,7,10,certified,complete_exact
051-0649,9,30,15,17,17,16,19,17,17,certified,incomplete_requires_prediction
051-0649,10,31,8,10,10,12,21,9,12,certified,complete_exact
051-0649,11,30,8,8,10,9,9,9,10,certified,complete_exact
051-0649,12,31,12,14,12,13,14,14,14,certified,complete_exact
051-0700,1,31,21,23,23,21,27,25,25,certified,complete_exact
051-0700,2,29,11,19,10,12,20,14,19,certified_calendar_sensitivity,complete_exact
051-0700,3,31,7,8,8,8,20,8,8,certified,complete_exact
051-0700,4,30,18,22,20,17,24,20,22,certified,complete_exact
051-0700,5,31,7,10,10,10,10,8,10,certified,complete_exact
051-0700,6,30,5,3,4,6,8,6,6,certified,incomplete_requires_prediction
051-0700,7,31,10,10,10,12,16,10,12,certified,incomplete_requires_prediction
051-0700,8,31,6,9,5,7,7,7,9,certified,complete_exact
051-0700,9,30,13,11,14,13,14,14,14,certified,incomplete_requires_prediction
051-0700,10,31,5,13,10,10,5,7,13,certified,complete_exact
051-0700,11,30,12,20,15,12,21,14,20,certified,complete_exact
051-0700,12,31,11,16,5,12,12,13,16,certified,complete_exact
051-1113,1,31,24,26,26,23,27,26,26,certified,incomplete_requires_prediction
051-1113,2,29,21,22,22,20,23,21,22,certified_calendar_sensitivity,incomplete_requires_prediction
051-1113,3,31,17,17,16,16,26,18,18,certified,complete_exact
051-1113,4,30,18,24,22,19,25,20,24,certified,complete_exact
051-1113,5,31,22,25,25,22,26,24,25,certified,complete_exact
051-1113,6,30,14,14,12,14,25,15,15,certified,complete_exact
051-1113,7,31,22,22,24,22,26,23,24,certified,incomplete_requires_prediction
051-1113,8,31,14,9,13,15,23,14,15,certified,complete_exact
051-1113,9,30,24,22,25,24,25,25,25,certified,incomplete_requires_prediction
051-1113,10,31,18,16,20,20,25,19,20,certified,complete_exact
051-1113,11,30,19,22,22,19,25,21,22,certified,complete_exact
051-1113,12,31,23,25,26,22,26,24,26,certified,complete_exact
051-9215,1,31,21,22,21,20,23,23,23,certified,complete_exact
051-9215,2,29,8,13,8,9,10,9,13,certified_calendar_sensitivity,complete_exact
051-9215,3,31,14,14,15,13,23,15,15,certified_finite_cohorts,complete_exact
051-9215,4,30,18,23,25,19,24,22,25,certified,complete_exact
051-9215,5,31,9,14,12,11,14,11,14,certified,complete_exact
051-9215,6,30,9,8,10,10,22,10,10,certified,incomplete_requires_prediction
051-9215,7,31,16,14,15,17,23,18,18,certified,complete_exact
051-9215,8,31,8,9,9,8,8,9,9,certified,incomplete_requires_prediction
051-9215,9,30,20,22,23,21,21,23,23,certified,incomplete_requires_prediction
051-9215,10,31,12,17,14,13,17,14,17,certified,complete_exact
051-9215,11,30,13,19,15,12,18,15,19,certified,complete_exact
051-9215,12,31,20,21,23,20,25,22,23,certified,complete_exact
051-9216,1,31,21,22,22,20,23,23,23,certified,no_target_record
051-9216,2,29,8,13,8,9,10,9,13,certified_calendar_sensitivity,no_target_record
051-9216,3,31,10,10,12,11,22,11,12,certified_finite_cohorts,incomplete_requires_prediction
051-9216,4,30,18,23,25,19,24,22,25,certified,complete_exact
051-9216,5,31,9,14,12,11,14,11,14,certified,complete_exact
051-9216,6,30,8,7,10,10,22,9,10,certified,complete_exact
051-9216,7,31,16,14,15,17,23,18,18,certified,complete_exact
051-9216,8,31,8,9,9,8,8,9,9,certified,complete_exact
051-9216,9,30,19,22,22,20,21,22,22,certified,incomplete_requires_prediction
051-9216,10,31,11,17,13,13,17,13,17,certified,complete_exact
051-9216,11,30,12,19,15,12,18,15,19,certified,complete_exact
051-9216,12,31,18,21,21,18,19,20,21,certified,complete_exact
051-9816,1,31,21,22,22,20,23,23,23,certified,complete_exact
051-9816,2,29,8,13,8,9,10,9,13,certified_calendar_sensitivity,complete_exact
051-9816,3,31,14,14,15,13,23,15,15,certified_finite_cohorts,complete_exact
051-9816,4,30,18,23,25,19,24,22,25,certified,complete_exact
051-9816,5,31,9,14,12,11,14,11,14,certified,complete_exact
051-9816,6,30,9,8,10,10,22,10,10,certified,complete_exact
051-9816,7,31,16,14,15,17,23,18,18,certified,complete_exact
051-9816,8,31,8,9,9,8,8,9,9,certified,complete_exact
051-9816,9,30,20,22,23,21,21,23,23,certified,incomplete_requires_prediction
051-9816,10,31,12,17,14,13,17,14,17,certified,complete_exact
051-9816,11,30,13,19,15,12,18,15,19,certified,incomplete_requires_prediction
051-9816,12,31,20,21,23,20,25,22,23,certified,complete_exact
051-9818,1,31,21,22,21,20,23,22,22,certified,complete_exact
051-9818,2,29,7,11,8,9,9,8,11,certified_calendar_sensitivity,complete_exact
051-9818,3,31,10,10,12,11,22,11,12,certified_finite_cohorts,incomplete_requires_prediction
051-9818,4,30,18,23,23,17,24,22,23,certified,complete_exact
051-9818,5,31,9,14,12,11,14,11,14,certified,complete_exact
051-9818,6,30,8,8,10,10,22,9,10,certified,complete_exact
051-9818,7,31,16,14,15,17,23,17,17,certified,complete_exact
051-9818,8,31,8,9,9,8,8,9,9,certified,complete_exact
051-9818,9,30,19,18,22,19,18,21,22,certified,incomplete_requires_prediction
051-9818,10,31,12,17,14,13,17,13,17,certified,complete_exact
051-9818,11,30,12,16,15,12,18,14,16,certified,complete_exact
051-9818,12,31,20,21,23,20,19,21,23,certified,complete_exact
051-9827,1,31,21,22,22,20,23,23,23,certified,no_target_record
051-9827,2,29,8,13,8,9,10,9,13,certified_calendar_sensitivity,no_target_record
051-9827,3,31,10,10,12,11,22,11,12,certified_finite_cohorts,no_target_record
051-9827,4,30,14,18,17,15,21,17,18,certified,no_target_record
051-9827,5,31,9,14,12,11,14,11,14,certified,no_target_record
051-9827,6,30,9,8,10,10,22,10,10,certified,incomplete_requires_prediction
051-9827,7,31,14,13,14,15,21,15,15,certified,incomplete_requires_prediction
051-9827,8,31,8,9,9,8,8,9,9,certified,incomplete_requires_prediction
051-9827,9,30,20,22,23,21,21,23,23,certified,incomplete_requires_prediction
051-9827,10,31,12,17,14,13,17,14,17,certified,complete_exact
051-9827,11,30,13,19,15,12,18,15,19,certified,complete_exact
051-9827,12,31,20,21,23,20,25,22,23,certified,complete_exact
051-9828,1,31,21,22,22,20,23,23,23,certified,no_target_record
051-9828,2,29,8,13,8,9,10,9,13,certified_calendar_sensitivity,no_target_record
051-9828,3,31,10,10,12,11,22,11,12,certified_finite_cohorts,no_target_record
051-9828,4,30,14,18,17,15,21,17,18,certified,no_target_record
051-9828,5,31,9,14,12,11,14,11,14,certified,no_target_record
051-9828,6,30,9,8,10,10,22,10,10,certified,no_target_record
051-9828,7,31,14,13,14,15,21,15,15,certified,incomplete_requires_prediction
051-9828,8,31,8,9,9,8,8,9,9,certified,incomplete_requires_prediction
051-9828,9,30,20,22,23,21,21,23,23,certified,incomplete_requires_prediction
051-9828,10,31,12,17,14,13,17,14,17,certified,complete_exact
051-9828,11,30,13,19,15,12,18,15,19,certified,complete_exact
051-9828,12,31,20,21,23,20,25,22,23,certified,complete_exact
057-0341,1,31,26,27,27,25,28,27,27,certified,complete_exact
057-0341,2,29,22,22,25,20,26,24,25,certified_calendar_sensitivity,complete_exact
057-0341,3,31,20,22,24,20,28,23,24,certified,complete_exact
057-0341,4,30,23,24,25,24,27,24,25,certified,complete_exact
057-0341,5,31,25,27,27,25,28,26,27,certified,complete_exact
057-0341,6,30,19,15,14,16,26,21,21,certified,complete_exact
057-0341,7,31,22,22,24,22,26,23,24,certified,complete_exact
057-0341,8,31,19,14,15,16,26,19,19,certified,complete_exact
057-0341,9,30,25,23,26,24,26,27,27,certified,incomplete_requires_prediction
057-0341,10,31,21,22,24,21,27,23,24,certified,complete_exact
057-0341,11,30,19,22,22,19,25,21,22,certified,complete_exact
057-0341,12,31,23,25,26,22,26,24,26,certified,complete_exact
059-0014,1,31,18,15,17,18,22,18,18,certified,complete_exact
059-0014,2,29,6,7,8,8,11,8,8,certified_calendar_sensitivity,incomplete_requires_prediction
059-0014,3,31,6,8,8,7,16,7,8,certified,incomplete_requires_prediction
059-0014,4,30,6,10,8,10,9,8,10,certified,complete_exact
059-0014,5,31,7,10,11,10,12,8,11,certified,incomplete_requires_prediction
059-0014,6,30,5,3,4,6,7,5,6,certified,complete_exact
059-0014,7,31,11,12,11,13,19,12,13,certified,incomplete_requires_prediction
059-0014,8,31,3,3,4,5,3,3,5,certified,complete_exact
059-0014,9,30,14,13,15,14,16,15,15,certified,incomplete_requires_prediction
059-0014,10,31,5,10,6,10,6,6,10,certified,complete_exact
059-0014,11,30,9,15,12,10,14,11,15,certified,complete_exact
059-0014,12,31,12,19,12,13,15,14,19,certified,complete_exact
059-0087,1,31,15,15,15,16,18,16,16,certified,complete_exact
059-0087,2,29,6,6,8,8,10,7,8,certified_calendar_sensitivity,complete_exact
059-0087,3,31,10,14,11,11,15,11,14,certified,complete_exact
059-0087,4,30,9,8,10,11,20,10,11,certified,complete_exact
059-0087,5,31,9,12,12,11,12,10,12,certified,complete_exact
059-0087,6,30,6,6,8,9,14,7,9,certified,complete_exact
059-0087,7,31,13,15,14,15,20,15,15,certified,complete_exact
059-0087,8,31,4,7,5,6,4,5,7,certified,complete_exact
059-0087,9,30,5,8,9,7,5,6,9,certified,incomplete_requires_prediction
059-0087,10,31,5,7,7,11,7,6,11,certified,complete_exact
059-0087,11,30,11,15,13,11,19,13,15,certified,complete_exact
059-0087,12,31,13,19,14,14,13,15,19,certified,complete_exact
059-0118,1,31,15,15,15,16,18,16,16,certified,incomplete_requires_prediction
059-0118,2,29,6,7,8,8,10,7,8,certified_calendar_sensitivity,complete_exact
059-0118,3,31,7,10,10,8,8,8,10,certified,complete_exact
059-0118,4,30,8,13,12,11,20,10,13,certified,complete_exact
059-0118,5,31,9,12,12,11,12,10,12,certified,complete_exact
059-0118,6,30,5,5,5,7,5,5,7,certified,complete_exact
059-0118,7,31,11,10,10,12,13,12,12,certified,complete_exact
059-0118,8,31,4,7,5,6,4,5,7,certified,complete_exact
059-0118,9,30,5,8,9,7,5,6,9,certified,incomplete_requires_prediction
059-0118,10,31,5,7,7,11,7,6,11,certified,complete_exact
059-0118,11,30,7,7,9,9,8,8,9,certified,complete_exact
059-0118,12,31,13,19,14,14,13,15,19,certified,complete_exact
059-0367,1,31,15,15,15,16,18,16,16,certified,complete_exact
059-0367,2,29,6,7,8,8,10,7,8,certified_calendar_sensitivity,complete_exact
059-0367,3,31,7,10,9,8,8,8,10,certified,complete_exact
059-0367,4,30,8,13,12,11,20,10,13,certified,complete_exact
059-0367,5,31,9,12,12,11,12,10,12,certified,complete_exact
059-0367,6,30,5,5,5,7,5,5,7,certified,complete_exact
059-0367,7,31,11,10,10,12,13,12,12,certified,complete_exact
059-0367,8,31,4,6,3,6,3,5,6,certified,complete_exact
059-0367,9,30,5,8,9,7,5,6,9,certified,incomplete_requires_prediction
059-0367,10,31,5,7,7,11,7,6,11,certified,complete_exact
059-0367,11,30,7,7,9,9,8,8,9,certified,complete_exact
059-0367,12,31,13,18,14,13,12,15,18,certified,incomplete_requires_prediction
059-0611,1,31,26,27,27,25,28,27,27,certified,complete_exact
059-0611,2,29,22,22,25,20,26,24,25,certified_calendar_sensitivity,complete_exact
059-0611,3,31,20,22,24,20,28,23,24,certified,complete_exact
059-0611,4,30,23,24,25,24,27,24,25,certified,complete_exact
059-0611,5,31,25,27,27,25,28,26,27,certified,complete_exact
059-0611,6,30,19,15,14,16,26,21,21,certified,complete_exact
059-0611,7,31,22,22,24,22,26,23,24,certified,complete_exact
059-0611,8,31,19,14,15,16,26,19,19,certified,complete_exact
059-0611,9,30,25,23,26,24,26,27,27,certified,incomplete_requires_prediction
059-0611,10,31,21,22,24,21,27,23,24,certified,complete_exact
059-0611,11,30,19,22,22,19,25,21,22,certified,complete_exact
059-0611,12,31,23,25,26,22,26,24,26,certified,complete_exact
059-0613,1,31,26,27,27,25,28,27,27,certified,complete_exact
059-0613,2,29,22,22,25,20,26,24,25,certified_calendar_sensitivity,complete_exact
059-0613,3,31,20,22,24,20,28,23,24,certified,complete_exact
059-0613,4,30,23,24,25,24,27,24,25,certified,complete_exact
059-0613,5,31,25,27,27,25,28,26,27,certified,complete_exact
059-0613,6,30,19,15,14,16,26,21,21,certified,complete_exact
059-0613,7,31,22,22,24,22,26,23,24,certified,complete_exact
059-0613,8,31,19,14,15,16,26,19,19,certified,complete_exact
059-0613,9,30,25,23,26,24,26,27,27,certified,incomplete_requires_prediction
059-0613,10,31,21,22,24,21,27,23,24,certified,complete_exact
059-0613,11,30,19,22,22,19,25,21,22,certified,complete_exact
059-0613,12,31,23,25,26,22,26,24,26,certified,complete_exact
061-0109,1,31,14,15,15,16,21,15,16,certified,complete_exact
061-0109,2,29,6,6,8,8,10,7,8,certified_calendar_sensitivity,complete_exact
061-0109,3,31,9,14,11,10,11,11,14,certified,complete_exact
061-0109,4,30,9,8,10,11,20,10,11,certified,complete_exact
061-0109,5,31,9,12,12,11,11,10,12,certified,complete_exact
061-0109,6,30,5,5,7,7,9,6,7,certified,complete_exact
061-0109,7,31,12,15,13,13,17,13,15,certified,complete_exact
061-0109,8,31,4,6,5,6,3,4,6,certified,complete_exact
061-0109,9,30,5,8,9,7,5,6,9,certified,incomplete_requires_prediction
061-0109,10,31,5,7,7,10,6,6,10,certified,complete_exact
061-0109,11,30,10,15,11,11,16,11,15,certified,complete_exact
061-0109,12,31,12,14,11,13,15,13,14,certified,complete_exact
063-0005,1,31,15,15,15,16,18,16,16,certified,complete_exact
063-0005,2,29,6,7,8,8,10,7,8,certified_calendar_sensitivity,complete_exact
063-0005,3,31,10,14,11,11,15,11,14,certified,complete_exact
063-0005,4,30,9,8,10,11,20,10,11,certified,complete_exact
063-0005,5,31,9,12,12,11,12,10,12,certified,complete_exact
063-0005,6,30,6,6,8,9,14,7,9,certified,complete_exact
063-0005,7,31,13,15,14,15,20,15,15,certified,complete_exact
063-0005,8,31,4,7,5,6,4,5,7,certified,complete_exact
063-0005,9,30,5,8,9,7,5,6,9,certified,incomplete_requires_prediction
063-0005,10,31,5,7,7,11,7,6,11,certified,complete_exact
063-0005,11,30,11,15,13,11,19,13,15,certified,complete_exact
063-0005,12,31,13,19,14,14,13,15,19,certified,incomplete_requires_prediction
063-0096,1,31,15,15,15,16,18,16,16,certified,complete_exact
063-0096,2,29,6,7,8,8,10,7,8,certified_calendar_sensitivity,complete_exact
063-0096,3,31,10,14,11,11,15,11,14,certified,complete_exact
063-0096,4,30,9,8,10,11,20,10,11,certified,complete_exact
063-0096,5,31,9,12,12,11,12,10,12,certified,complete_exact
063-0096,6,30,6,6,8,9,14,7,9,certified,complete_exact
063-0096,7,31,13,15,14,15,20,15,15,certified,complete_exact
063-0096,8,31,4,7,5,6,4,5,7,certified,complete_exact
063-0096,9,30,5,8,9,7,5,6,9,certified,incomplete_requires_prediction
063-0096,10,31,5,7,7,11,7,6,11,certified,complete_exact
063-0096,11,30,11,15,13,11,19,13,15,certified,complete_exact
063-0096,12,31,13,19,14,14,13,15,19,certified,complete_exact
063-0383,1,31,26,27,27,25,28,27,27,certified,complete_exact
063-0383,2,29,22,22,25,20,26,24,25,certified_calendar_sensitivity,complete_exact
063-0383,3,31,20,22,24,20,28,23,24,certified,complete_exact
063-0383,4,30,23,24,25,24,27,24,25,certified,incomplete_requires_prediction
063-0383,5,31,25,27,27,25,28,26,27,certified,no_target_record
063-0383,6,30,19,15,14,16,26,21,21,certified,no_target_record
063-0383,7,31,22,22,24,22,26,23,24,certified,incomplete_requires_prediction
063-0383,8,31,19,14,15,16,26,19,19,certified,complete_exact
063-0383,9,30,25,23,26,24,26,27,27,certified,incomplete_requires_prediction
063-0383,10,31,21,22,24,21,27,23,24,certified,complete_exact
063-0383,11,30,19,22,22,19,25,21,22,certified,complete_exact
063-0383,12,31,23,25,26,22,26,24,26,certified,complete_exact
063-1023,1,31,15,15,15,16,18,16,16,certified,complete_exact
063-1023,2,29,6,7,8,8,10,7,8,certified_calendar_sensitivity,complete_exact
063-1023,3,31,10,14,11,11,15,11,14,certified,complete_exact
063-1023,4,30,9,8,10,11,20,10,11,certified,complete_exact
063-1023,5,31,9,12,12,11,12,10,12,certified,complete_exact
063-1023,6,30,6,6,8,9,14,7,9,certified,complete_exact
063-1023,7,31,13,15,14,15,20,15,15,certified,incomplete_requires_prediction
063-1023,8,31,4,7,5,6,4,5,7,certified,complete_exact
063-1023,9,30,5,8,9,7,5,6,9,certified,incomplete_requires_prediction
063-1023,10,31,5,7,7,11,7,6,11,certified,complete_exact
063-1023,11,30,11,15,13,11,19,13,15,certified,complete_exact
063-1023,12,31,13,19,14,14,13,15,19,certified,complete_exact
063-1032,1,31,15,15,15,16,18,16,16,certified,complete_exact
063-1032,2,29,6,7,8,8,10,7,8,certified_calendar_sensitivity,incomplete_requires_prediction
063-1032,3,31,7,10,10,8,8,8,10,certified,complete_exact
063-1032,4,30,8,13,12,11,20,10,13,certified,complete_exact
063-1032,5,31,9,12,12,11,12,10,12,certified,complete_exact
063-1032,6,30,5,5,5,7,5,5,7,certified,complete_exact
063-1032,7,31,11,10,10,12,13,12,12,certified,complete_exact
063-1032,8,31,4,7,5,6,4,5,7,certified,complete_exact
063-1032,9,30,5,8,9,7,5,6,9,certified,incomplete_requires_prediction
063-1032,10,31,5,7,7,11,7,6,11,certified,complete_exact
063-1032,11,30,7,9,9,9,8,8,9,certified,complete_exact
063-1032,12,31,12,17,13,13,11,14,17,certified,complete_exact
063-1192,1,31,18,15,16,18,18,19,19,certified,complete_exact
063-1192,2,29,6,7,8,8,11,8,8,certified_calendar_sensitivity,complete_exact
063-1192,3,31,6,8,8,7,16,7,8,certified,complete_exact
063-1192,4,30,6,10,8,10,9,8,10,certified,complete_exact
063-1192,5,31,7,10,11,10,12,8,11,certified,complete_exact
063-1192,6,30,5,4,5,7,9,6,7,certified,complete_exact
063-1192,7,31,11,12,11,13,19,12,13,certified,complete_exact
063-1192,8,31,3,3,4,5,3,3,5,certified,incomplete_requires_prediction
063-1192,9,30,14,13,15,14,16,15,15,certified,no_target_record
063-1192,10,31,5,10,6,10,6,6,10,certified,no_target_record
063-1192,11,30,12,20,15,11,21,14,20,certified,no_target_record
063-1192,12,31,12,19,12,13,15,14,19,certified,no_target_record
063-1201,1,31,18,15,17,18,22,18,18,certified,no_target_record
063-1201,2,29,6,7,8,8,11,8,8,certified_calendar_sensitivity,no_target_record
063-1201,3,31,6,8,8,7,16,7,8,certified,no_target_record
063-1201,4,30,6,10,8,10,9,8,10,certified,no_target_record
063-1201,5,31,7,10,11,10,12,8,11,certified,no_target_record
063-1201,6,30,5,3,4,6,7,5,6,certified,no_target_record
063-1201,7,31,11,12,11,13,19,12,13,certified,no_target_record
063-1201,8,31,3,3,4,5,3,3,5,certified,no_target_record
063-1201,9,30,14,13,15,14,16,15,15,certified,no_target_record
063-1201,10,31,5,10,6,10,6,6,10,certified,no_target_record
063-1201,11,30,8,8,12,9,12,9,12,certified,no_target_record
063-1201,12,31,12,19,12,13,15,14,19,certified,no_target_record
065-0125,1,31,14,15,15,16,21,15,16,certified,complete_exact
065-0125,2,29,6,7,8,8,8,7,8,certified_calendar_sensitivity,complete_exact
065-0125,3,31,9,9,10,10,11,10,10,certified,complete_exact
065-0125,4,30,8,8,10,10,11,9,10,certified,complete_exact
065-0125,5,31,9,12,12,11,11,10,12,certified,complete_exact
065-0125,6,30,6,6,7,9,10,6,9,certified,complete_exact
065-0125,7,31,13,15,14,15,19,15,15,certified,complete_exact
065-0125,8,31,6,5,5,7,8,7,7,certified,incomplete_requires_prediction
065-0125,9,30,16,17,17,16,18,18,18,certified,incomplete_requires_prediction
065-0125,10,31,5,7,7,10,6,6,10,certified,incomplete_requires_prediction
065-0125,11,30,10,15,12,11,19,12,15,certified,complete_exact
065-0125,12,31,12,14,12,13,15,14,14,certified,complete_exact
067-2141,1,31,14,15,15,16,21,15,16,certified,complete_exact
067-2141,2,29,6,7,8,8,10,7,8,certified_calendar_sensitivity,complete_exact
067-2141,3,31,7,10,10,8,8,8,10,certified,incomplete_requires_prediction
067-2141,4,30,8,13,12,11,20,10,13,certified,complete_exact
067-2141,5,31,9,12,12,11,12,10,12,certified,complete_exact
067-2141,6,30,5,5,5,7,5,5,7,certified,complete_exact
067-2141,7,31,11,10,10,12,13,12,12,certified,complete_exact
067-2141,8,31,4,7,5,6,4,5,7,certified,complete_exact
067-2141,9,30,5,8,9,7,5,6,9,certified,incomplete_requires_prediction
067-2141,10,31,5,7,7,11,7,6,11,certified,complete_exact
067-2141,11,30,7,9,9,9,8,8,9,certified,complete_exact
067-2141,12,31,13,19,14,14,13,15,19,certified,complete_exact
067-2330,1,31,13,15,15,15,21,15,15,certified,complete_exact
067-2330,2,29,6,6,8,8,9,6,8,certified_calendar_sensitivity,complete_exact
067-2330,3,31,7,10,9,7,7,8,10,certified,complete_exact
067-2330,4,30,8,13,12,11,15,10,13,certified,complete_exact
067-2330,5,31,9,12,12,10,11,10,12,certified,complete_exact
067-2330,6,30,4,5,5,6,4,5,6,certified,complete_exact
067-2330,7,31,10,10,10,12,12,11,12,certified,complete_exact
067-2330,8,31,4,6,5,6,3,4,6,certified,complete_exact
067-2330,9,30,5,8,9,7,5,6,9,certified,incomplete_requires_prediction
067-2330,10,31,5,7,7,11,7,6,11,certified,complete_exact
067-2330,11,30,7,9,9,9,8,8,9,certified,complete_exact
067-2330,12,31,13,19,14,14,13,15,19,certified,complete_exact
067-2373,1,31,18,15,17,18,22,18,18,certified,incomplete_requires_prediction
067-2373,2,29,6,7,8,8,11,8,8,certified_calendar_sensitivity,incomplete_requires_prediction
067-2373,3,31,6,8,8,7,16,7,8,certified,complete_exact
067-2373,4,30,6,10,8,10,9,8,10,certified,incomplete_requires_prediction
067-2373,5,31,7,10,11,10,12,8,11,certified,incomplete_requires_prediction
067-2373,6,30,5,3,4,6,7,5,6,certified,incomplete_requires_prediction
067-2373,7,31,11,12,11,13,19,12,13,certified,incomplete_requires_prediction
067-2373,8,31,3,3,4,5,3,3,5,certified,incomplete_requires_prediction
067-2373,9,30,14,13,15,14,16,15,15,certified,incomplete_requires_prediction
067-2373,10,31,5,10,6,10,6,6,10,certified,incomplete_requires_prediction
067-2373,11,30,9,15,12,10,14,11,15,certified,incomplete_requires_prediction
067-2373,12,31,12,19,12,13,15,14,19,certified,incomplete_requires_prediction
067-2429,1,31,14,15,15,16,21,15,16,certified,complete_exact
067-2429,2,29,6,6,8,8,10,7,8,certified_calendar_sensitivity,incomplete_requires_prediction
067-2429,3,31,7,10,10,8,8,8,10,certified,complete_exact
067-2429,4,30,8,13,12,11,20,10,13,certified,complete_exact
067-2429,5,31,9,12,12,11,12,10,12,certified,complete_exact
067-2429,6,30,5,5,5,7,5,5,7,certified,complete_exact
067-2429,7,31,11,10,10,12,12,12,12,certified,complete_exact
067-2429,8,31,4,7,5,6,4,5,7,certified,complete_exact
067-2429,9,30,5,8,9,7,5,6,9,certified,incomplete_requires_prediction
067-2429,10,31,5,7,7,10,6,6,10,certified,complete_exact
067-2429,11,30,7,9,9,9,8,8,9,certified,complete_exact
067-2429,12,31,13,19,14,14,13,15,19,certified,complete_exact
067-2623,1,31,14,15,15,16,21,15,16,certified,complete_exact
067-2623,2,29,6,7,8,8,10,7,8,certified_calendar_sensitivity,complete_exact
067-2623,3,31,7,10,10,8,8,8,10,certified,incomplete_requires_prediction
067-2623,4,30,8,13,12,11,20,10,13,certified,no_target_record
067-2623,5,31,9,12,12,11,12,10,12,certified,incomplete_requires_prediction
067-2623,6,30,5,5,5,7,5,5,7,certified,incomplete_requires_prediction
067-2623,7,31,11,10,10,12,13,12,12,certified,complete_exact
067-2623,8,31,4,7,5,6,3,5,7,certified,complete_exact
067-2623,9,30,5,8,9,7,5,6,9,certified,incomplete_requires_prediction
067-2623,10,31,5,7,7,10,7,6,10,certified,complete_exact
067-2623,11,30,7,9,9,9,8,8,9,certified,complete_exact
067-2623,12,31,13,19,14,14,13,15,19,certified,incomplete_requires_prediction
067-9006,1,31,21,22,22,20,23,23,23,certified,complete_exact
067-9006,2,29,8,13,8,9,10,9,13,certified_calendar_sensitivity,complete_exact
067-9006,3,31,10,10,12,11,22,11,12,certified_finite_cohorts,incomplete_requires_prediction
067-9006,4,30,18,23,25,19,24,22,25,certified,complete_exact
067-9006,5,31,9,14,12,11,14,11,14,certified,complete_exact
067-9006,6,30,9,8,10,10,22,10,10,certified,complete_exact
067-9006,7,31,16,14,15,17,23,18,18,certified,complete_exact
067-9006,8,31,8,9,9,8,8,9,9,certified,complete_exact
067-9006,9,30,20,22,23,21,21,23,23,certified,incomplete_requires_prediction
067-9006,10,31,12,17,14,13,17,14,17,certified,complete_exact
067-9006,11,30,13,19,15,12,18,15,19,certified,complete_exact
067-9006,12,31,20,21,23,20,25,22,23,certified,complete_exact
067-9109,1,31,21,22,22,20,23,23,23,certified,incomplete_requires_prediction
067-9109,2,29,8,13,8,9,10,9,13,certified_calendar_sensitivity,complete_exact
067-9109,3,31,10,10,12,11,22,11,12,certified_finite_cohorts,incomplete_requires_prediction
067-9109,4,30,18,23,25,19,24,22,25,certified,complete_exact
067-9109,5,31,9,14,12,11,14,11,14,certified,complete_exact
067-9109,6,30,9,8,10,10,22,10,10,certified,incomplete_requires_prediction
067-9109,7,31,16,14,15,17,23,18,18,certified,incomplete_requires_prediction
067-9109,8,31,8,9,9,8,8,9,9,certified,complete_exact
067-9109,9,30,20,22,23,21,21,23,23,certified,incomplete_requires_prediction
067-9109,10,31,12,17,14,13,17,14,17,certified,complete_exact
067-9109,11,30,13,19,15,12,18,15,19,certified,complete_exact
067-9109,12,31,20,21,23,20,25,22,23,certified,complete_exact
067-9921,1,31,21,22,22,20,23,23,23,certified,complete_exact
067-9921,2,29,8,13,8,9,10,9,13,certified_calendar_sensitivity,complete_exact
067-9921,3,31,10,10,12,11,22,11,12,certified_finite_cohorts,incomplete_requires_prediction
067-9921,4,30,14,18,17,15,21,17,18,certified,complete_exact
067-9921,5,31,9,14,12,11,14,11,14,certified,complete_exact
067-9921,6,30,9,8,10,10,22,10,10,certified,complete_exact
067-9921,7,31,16,14,15,17,23,18,18,certified,complete_exact
067-9921,8,31,8,9,9,8,8,9,9,certified,complete_exact
067-9921,9,30,20,22,23,21,21,23,23,certified,incomplete_requires_prediction
067-9921,10,31,12,17,14,13,17,14,17,certified,incomplete_requires_prediction
067-9921,11,30,13,19,15,12,18,15,19,certified,complete_exact
067-9921,12,31,20,21,23,20,25,22,23,certified,complete_exact
067-9922,1,31,21,22,22,20,23,23,23,certified,complete_exact
067-9922,2,29,8,13,8,9,10,9,13,certified_calendar_sensitivity,complete_exact
067-9922,3,31,10,10,12,11,22,11,12,certified_finite_cohorts,incomplete_requires_prediction
067-9922,4,30,18,23,25,19,24,22,25,certified,complete_exact
067-9922,5,31,9,14,12,11,14,11,14,certified,complete_exact
067-9922,6,30,9,8,10,10,22,10,10,certified,complete_exact
067-9922,7,31,16,14,15,17,23,18,18,certified,complete_exact
067-9922,8,31,8,9,9,8,8,9,9,certified,complete_exact
067-9922,9,30,20,22,23,21,21,23,23,certified,incomplete_requires_prediction
067-9922,10,31,12,17,14,13,17,14,17,certified,complete_exact
067-9922,11,30,13,19,15,12,18,15,19,certified,complete_exact
067-9922,12,31,20,21,23,20,25,22,23,certified,complete_exact
081-0347,1,31,14,15,15,16,21,15,16,certified,complete_exact
081-0347,2,29,6,6,8,8,10,7,8,certified_calendar_sensitivity,complete_exact
081-0347,3,31,10,14,11,10,15,11,14,certified,complete_exact
081-0347,4,30,9,8,10,11,20,10,11,certified,complete_exact
081-0347,5,31,9,12,12,11,12,10,12,certified,complete_exact
081-0347,6,30,6,6,7,9,14,6,9,certified,complete_exact
081-0347,7,31,13,15,14,15,20,15,15,certified,complete_exact
081-0347,8,31,6,7,10,7,13,7,10,certified,complete_exact
081-0347,9,30,16,17,17,16,20,18,18,certified,incomplete_requires_prediction
081-0347,10,31,5,7,7,11,7,6,11,certified,complete_exact
081-0347,11,30,11,15,13,11,19,13,15,certified,complete_exact
081-0347,12,31,13,14,12,13,15,14,14,certified,complete_exact
083-0194,1,31,18,15,16,18,18,18,18,certified,complete_exact
083-0194,2,29,6,7,8,8,11,7,8,certified_calendar_sensitivity,complete_exact
083-0194,3,31,6,8,8,7,16,7,8,certified,complete_exact
083-0194,4,30,6,10,8,10,9,8,10,certified,incomplete_requires_prediction
083-0194,5,31,7,10,11,10,12,8,11,certified,complete_exact
083-0194,6,30,5,3,4,6,7,5,6,certified,complete_exact
083-0194,7,31,13,14,12,15,20,14,15,certified,complete_exact
083-0194,8,31,3,3,4,5,3,3,5,certified,complete_exact
083-0194,9,30,14,13,15,14,16,15,15,certified,complete_exact
083-0194,10,31,5,9,6,8,6,6,9,certified,incomplete_requires_prediction
083-0194,11,30,17,23,19,16,22,20,23,certified,complete_exact
083-0194,12,31,25,27,26,25,25,25,27,certified,complete_exact
083-0209,1,31,18,15,16,18,18,19,19,certified,complete_exact
083-0209,2,29,6,7,8,8,10,7,8,certified_calendar_sensitivity,complete_exact
083-0209,3,31,6,8,8,7,16,7,8,certified,complete_exact
083-0209,4,30,6,10,7,9,9,8,10,certified,complete_exact
083-0209,5,31,7,10,11,10,12,8,11,certified,complete_exact
083-0209,6,30,5,4,5,7,9,6,7,certified,complete_exact
083-0209,7,31,13,14,12,15,20,14,15,certified,complete_exact
083-0209,8,31,3,3,4,5,2,3,5,certified,complete_exact
083-0209,9,30,14,13,15,14,16,15,15,certified,incomplete_requires_prediction
083-0209,10,31,5,10,6,10,6,6,10,certified,complete_exact
083-0209,11,30,17,23,19,16,22,20,23,certified,incomplete_requires_prediction
083-0209,12,31,25,27,27,25,25,26,27,certified,complete_exact
083-0214,1,31,18,15,16,18,18,18,18,certified,complete_exact
083-0214,2,29,6,7,8,8,11,7,8,certified_calendar_sensitivity,complete_exact
083-0214,3,31,6,8,8,7,16,7,8,certified,complete_exact
083-0214,4,30,6,10,8,10,9,8,10,certified,complete_exact
083-0214,5,31,7,10,11,10,12,8,11,certified,complete_exact
083-0214,6,30,5,4,4,7,9,6,7,certified,complete_exact
083-0214,7,31,13,14,12,15,20,14,15,certified,complete_exact
083-0214,8,31,3,3,4,5,3,3,5,certified,complete_exact
083-0214,9,30,14,13,15,14,16,15,15,certified,incomplete_requires_prediction
083-0214,10,31,5,10,6,10,6,6,10,certified,incomplete_requires_prediction
083-0214,11,30,9,15,12,10,14,11,15,certified,complete_exact
083-0214,12,31,25,27,27,25,25,26,27,certified,complete_exact
087-0103,1,31,14,15,15,16,21,15,16,certified,complete_exact
087-0103,2,29,6,7,8,8,10,7,8,certified_calendar_sensitivity,complete_exact
087-0103,3,31,10,14,11,11,15,11,14,certified,complete_exact
087-0103,4,30,9,8,10,11,20,10,11,certified,complete_exact
087-0103,5,31,9,12,12,11,12,10,12,certified,complete_exact
087-0103,6,30,6,6,8,9,14,7,9,certified,complete_exact
087-0103,7,31,13,15,14,15,20,15,15,certified,complete_exact
087-0103,8,31,6,7,10,7,13,8,10,certified,incomplete_requires_prediction
087-0103,9,30,16,17,17,16,20,18,18,certified,incomplete_requires_prediction
087-0103,10,31,5,7,7,11,7,6,11,certified,incomplete_requires_prediction
087-0103,11,30,11,15,12,11,19,13,15,certified,complete_exact
087-0103,12,31,13,14,12,13,15,14,14,certified,complete_exact
087-0125,1,31,23,23,26,22,27,26,26,certified,complete_exact
087-0125,2,29,6,7,8,8,11,8,8,certified_calendar_sensitivity,complete_exact
087-0125,3,31,6,8,7,7,14,7,8,certified,complete_exact
087-0125,4,30,6,10,8,10,9,8,10,certified,complete_exact
087-0125,5,31,7,10,11,10,12,8,11,certified,complete_exact
087-0125,6,30,5,4,5,7,9,6,7,certified,complete_exact
087-0125,7,31,10,12,11,13,19,11,13,certified,complete_exact
087-0125,8,31,3,3,3,5,3,3,5,certified,incomplete_requires_prediction
087-0125,9,30,14,13,15,14,16,15,15,certified,incomplete_requires_prediction
087-0125,10,31,5,10,6,8,6,6,10,certified,incomplete_requires_prediction
087-0125,11,30,9,15,12,10,14,11,15,certified,incomplete_requires_prediction
087-0125,12,31,12,19,12,13,15,14,19,certified,complete_exact
089-0644,1,31,14,15,15,16,21,15,16,certified,complete_exact
089-0644,2,29,6,7,8,8,10,7,8,certified_calendar_sensitivity,complete_exact
089-0644,3,31,7,10,10,8,8,8,10,certified,complete_exact
089-0644,4,30,8,13,12,11,20,10,13,certified,complete_exact
089-0644,5,31,9,12,12,11,12,10,12,certified,complete_exact
089-0644,6,30,5,5,5,7,5,5,7,certified,complete_exact
089-0644,7,31,11,10,10,12,13,12,12,certified,complete_exact
089-0644,8,31,4,6,5,6,3,5,6,certified,complete_exact
089-0644,9,30,5,8,9,7,5,6,9,certified,incomplete_requires_prediction
089-0644,10,31,9,10,11,12,21,10,12,certified,complete_exact
089-0644,11,30,7,9,9,9,8,8,9,certified,incomplete_requires_prediction
089-0644,12,31,13,19,14,14,13,15,19,certified,complete_exact
089-3058,1,31,18,15,17,18,22,18,18,certified,complete_exact
089-3058,2,29,6,7,8,8,11,8,8,certified_calendar_sensitivity,complete_exact
089-3058,3,31,6,8,8,7,16,7,8,certified,complete_exact
089-3058,4,30,6,10,8,10,9,8,10,certified,complete_exact
089-3058,5,31,7,10,11,10,12,8,11,certified,complete_exact
089-3058,6,30,5,4,5,7,9,6,7,certified,complete_exact
089-3058,7,31,11,12,11,13,19,12,13,certified,incomplete_requires_prediction
089-3058,8,31,3,3,4,5,3,3,5,certified,complete_exact
089-3058,9,30,14,13,15,14,16,15,15,certified,incomplete_requires_prediction
089-3058,10,31,5,10,6,10,6,6,10,certified,complete_exact
089-3058,11,30,9,15,12,10,14,11,15,certified,complete_exact
089-3058,12,31,12,19,12,13,15,14,19,certified,complete_exact
089-3236,1,31,14,15,15,16,21,15,16,certified,complete_exact
089-3236,2,29,6,7,8,8,10,7,8,certified_calendar_sensitivity,complete_exact
089-3236,3,31,7,10,10,8,8,8,10,certified,complete_exact
089-3236,4,30,8,13,12,11,20,10,13,certified,complete_exact
089-3236,5,31,9,12,12,11,12,10,12,certified,complete_exact
089-3236,6,30,5,5,5,7,5,5,7,certified,complete_exact
089-3236,7,31,11,10,10,12,13,12,12,certified,incomplete_requires_prediction
089-3236,8,31,4,7,5,6,4,5,7,certified,complete_exact
089-3236,9,30,5,8,9,7,5,6,9,certified,incomplete_requires_prediction
089-3236,10,31,9,10,11,12,21,10,12,certified,complete_exact
089-3236,11,30,7,9,9,9,8,8,9,certified,complete_exact
089-3236,12,31,13,19,14,14,13,15,19,certified,complete_exact
089-3323,1,31,18,15,16,18,18,19,19,certified,complete_exact
089-3323,2,29,6,7,8,8,11,8,8,certified_calendar_sensitivity,complete_exact
089-3323,3,31,6,8,8,7,16,7,8,certified,complete_exact
089-3323,4,30,6,10,8,10,9,8,10,certified,complete_exact
089-3323,5,31,7,10,11,10,12,8,11,certified,complete_exact
089-3323,6,30,5,4,5,7,9,6,7,certified,complete_exact
089-3323,7,31,11,12,11,13,19,12,13,certified,complete_exact
089-3323,8,31,3,3,4,5,3,3,5,certified,complete_exact
089-3323,9,30,14,13,15,14,16,15,15,certified,incomplete_requires_prediction
089-3323,10,31,5,10,6,10,6,6,10,certified,complete_exact
089-3323,11,30,13,20,16,14,21,15,20,certified,complete_exact
089-3323,12,31,12,19,12,13,15,14,19,certified,complete_exact
089-3332,1,31,18,15,16,18,18,19,19,certified,complete_exact
089-3332,2,29,6,7,8,8,11,8,8,certified_calendar_sensitivity,complete_exact
089-3332,3,31,6,8,8,7,16,7,8,certified,complete_exact
089-3332,4,30,6,10,8,10,9,8,10,certified,complete_exact
089-3332,5,31,7,10,11,10,12,8,11,certified,complete_exact
089-3332,6,30,5,4,5,7,9,6,7,certified,complete_exact
089-3332,7,31,11,12,11,13,19,12,13,certified,complete_exact
089-3332,8,31,3,3,4,5,3,3,5,certified,complete_exact
089-3332,9,30,14,13,15,14,16,15,15,certified,incomplete_requires_prediction
089-3332,10,31,5,10,6,10,6,6,10,certified,complete_exact
089-3332,11,30,9,15,12,10,14,11,15,certified,complete_exact
089-3332,12,31,12,19,12,13,15,14,19,certified,complete_exact
089-3354,1,31,17,18,18,17,23,18,18,certified,complete_exact
089-3354,2,29,6,7,8,8,11,8,8,certified_calendar_sensitivity,complete_exact
089-3354,3,31,6,8,8,7,16,7,8,certified,complete_exact
089-3354,4,30,6,10,8,10,9,8,10,certified,complete_exact
089-3354,5,31,7,10,11,10,12,8,11,certified,complete_exact
089-3354,6,30,5,4,5,7,9,6,7,certified,complete_exact
089-3354,7,31,11,12,11,13,19,12,13,certified,complete_exact
089-3354,8,31,3,3,4,5,3,3,5,certified,complete_exact
089-3354,9,30,14,13,15,14,16,15,15,certified,incomplete_requires_prediction
089-3354,10,31,5,10,6,10,6,6,10,certified,complete_exact
089-3354,11,30,9,15,12,10,14,11,15,certified,complete_exact
089-3354,12,31,12,19,12,13,15,14,19,certified,complete_exact
089-3385,1,31,17,18,18,17,23,18,18,certified,complete_exact
089-3385,2,29,6,7,8,8,11,8,8,certified_calendar_sensitivity,complete_exact
089-3385,3,31,6,8,8,7,16,7,8,certified,complete_exact
089-3385,4,30,6,10,8,10,9,8,10,certified,complete_exact
089-3385,5,31,7,10,11,10,12,8,11,certified,complete_exact
089-3385,6,30,5,4,5,7,9,6,7,certified,complete_exact
089-3385,7,31,11,12,11,13,19,12,13,certified,complete_exact
089-3385,8,31,3,3,4,5,3,3,5,certified,complete_exact
089-3385,9,30,14,13,15,14,16,15,15,certified,incomplete_requires_prediction
089-3385,10,31,5,10,6,10,6,6,10,certified,complete_exact
089-3385,11,30,9,15,12,10,14,11,15,certified,incomplete_requires_prediction
089-3385,12,31,12,19,12,13,15,14,19,certified,complete_exact
089-3438,1,31,15,15,15,16,18,16,16,certified,complete_exact
089-3438,2,29,6,7,8,8,10,7,8,certified_calendar_sensitivity,complete_exact
089-3438,3,31,7,10,10,8,8,8,10,certified,complete_exact
089-3438,4,30,8,13,12,11,20,10,13,certified,complete_exact
089-3438,5,31,9,12,12,11,12,10,12,certified,complete_exact
089-3438,6,30,5,5,5,7,5,5,7,certified,complete_exact
089-3438,7,31,11,10,10,12,13,12,12,certified,incomplete_requires_prediction
089-3438,8,31,4,7,5,6,4,5,7,certified,complete_exact
089-3438,9,30,5,8,9,7,5,6,9,certified,incomplete_requires_prediction
089-3438,10,31,5,7,7,11,7,6,11,certified,complete_exact
089-3438,11,30,7,9,9,9,8,8,9,certified,complete_exact
089-3438,12,31,13,19,14,14,13,15,19,certified,complete_exact
089-3572,1,31,15,15,15,16,18,16,16,certified,incomplete_requires_prediction
089-3572,2,29,6,7,8,8,10,7,8,certified_calendar_sensitivity,complete_exact
089-3572,3,31,7,10,10,8,8,8,10,certified,complete_exact
089-3572,4,30,8,13,12,11,20,10,13,certified,complete_exact
089-3572,5,31,9,12,12,11,12,10,12,certified,complete_exact
089-3572,6,30,5,5,5,7,5,5,7,certified,complete_exact
089-3572,7,31,11,10,10,12,13,12,12,certified,complete_exact
089-3572,8,31,4,7,5,6,3,5,7,certified,complete_exact
089-3572,9,30,5,8,9,7,5,6,9,certified,incomplete_requires_prediction
089-3572,10,31,5,7,7,11,7,6,11,certified,complete_exact
089-3572,11,30,7,9,9,9,8,8,9,certified,complete_exact
089-3572,12,31,13,19,14,14,13,15,19,certified,complete_exact
089-3638,1,31,15,15,15,16,18,16,16,certified,complete_exact
089-3638,2,29,6,7,8,8,10,7,8,certified_calendar_sensitivity,complete_exact
089-3638,3,31,7,10,10,8,8,8,10,certified,complete_exact
089-3638,4,30,8,13,12,11,20,10,13,certified,complete_exact
089-3638,5,31,9,12,12,11,12,10,12,certified,complete_exact
089-3638,6,30,5,5,5,7,5,5,7,certified,complete_exact
089-3638,7,31,11,10,10,12,13,12,12,certified,complete_exact
089-3638,8,31,4,7,5,6,4,5,7,certified,complete_exact
089-3638,9,30,5,8,9,7,5,6,9,certified,incomplete_requires_prediction
089-3638,10,31,5,7,7,11,7,6,11,certified,complete_exact
089-3638,11,30,7,9,9,9,8,8,9,certified,complete_exact
089-3638,12,31,13,19,14,14,13,15,19,certified,complete_exact
089-9012,1,31,21,22,22,20,23,23,23,certified,complete_exact
089-9012,2,29,8,13,8,9,10,9,13,certified_calendar_sensitivity,complete_exact
089-9012,3,31,14,14,15,13,23,15,15,certified_finite_cohorts,complete_exact
089-9012,4,30,18,23,25,19,24,22,25,certified,complete_exact
089-9012,5,31,9,14,12,11,14,11,14,certified,complete_exact
089-9012,6,30,8,8,10,10,22,10,10,certified,complete_exact
089-9012,7,31,16,14,15,17,23,18,18,certified,complete_exact
089-9012,8,31,8,9,9,8,8,9,9,certified,complete_exact
089-9012,9,30,20,22,23,21,21,23,23,certified,incomplete_requires_prediction
089-9012,10,31,12,17,14,13,17,14,17,certified,complete_exact
089-9012,11,30,13,19,15,12,18,15,19,certified,complete_exact
089-9012,12,31,20,21,23,20,25,22,23,certified,complete_exact
089-9105,1,31,21,22,22,20,23,23,23,certified,complete_exact
089-9105,2,29,8,13,8,9,10,9,13,certified_calendar_sensitivity,complete_exact
089-9105,3,31,14,11,15,12,23,15,15,certified_finite_cohorts,complete_exact
089-9105,4,30,18,23,25,19,24,22,25,certified,complete_exact
089-9105,5,31,9,14,12,11,14,11,14,certified,complete_exact
089-9105,6,30,9,8,10,10,22,10,10,certified,incomplete_requires_prediction
089-9105,7,31,16,14,15,17,23,18,18,certified,complete_exact
089-9105,8,31,8,9,9,8,8,9,9,certified,incomplete_requires_prediction
089-9105,9,30,20,22,23,21,21,23,23,certified,no_target_record
089-9105,10,31,12,17,14,13,17,14,17,certified,no_target_record
089-9105,11,30,13,19,15,12,18,15,19,certified,no_target_record
089-9105,12,31,20,21,23,20,25,22,23,certified,incomplete_requires_prediction
089-9118,1,31,21,22,22,20,23,23,23,certified,no_target_record
089-9118,2,29,8,13,8,9,9,9,13,certified_calendar_sensitivity,no_target_record
089-9118,3,31,14,14,15,13,23,15,15,certified_finite_cohorts,no_target_record
089-9118,4,30,18,23,25,19,24,22,25,certified,no_target_record
089-9118,5,31,9,14,12,11,13,11,14,certified,no_target_record
089-9118,6,30,8,8,10,10,22,10,10,certified,no_target_record
089-9118,7,31,16,14,15,17,23,18,18,certified,no_target_record
089-9118,8,31,8,9,9,8,8,9,9,certified,no_target_record
089-9118,9,30,20,22,23,21,21,23,23,certified,no_target_record
089-9118,10,31,12,17,14,13,17,14,17,certified,no_target_record
089-9118,11,30,13,19,15,12,18,15,19,certified,no_target_record
089-9118,12,31,20,21,23,20,25,22,23,certified,incomplete_requires_prediction
089-9171,1,31,21,22,22,20,23,23,23,certified,complete_exact
089-9171,2,29,8,13,8,9,10,9,13,certified_calendar_sensitivity,complete_exact
089-9171,3,31,10,10,12,11,22,11,12,certified_finite_cohorts,complete_exact
089-9171,4,30,14,18,17,15,21,17,18,certified,complete_exact
089-9171,5,31,9,14,12,11,14,11,14,certified,complete_exact
089-9171,6,30,9,8,10,10,22,10,10,certified,complete_exact
089-9171,7,31,14,13,14,15,21,15,15,certified,complete_exact
089-9171,8,31,8,9,9,8,8,9,9,certified,complete_exact
089-9171,9,30,20,22,23,21,21,23,23,certified,incomplete_requires_prediction
089-9171,10,31,12,17,14,13,17,14,17,certified,complete_exact
089-9171,11,30,13,19,15,12,18,15,19,certified,complete_exact
089-9171,12,31,20,21,23,20,25,22,23,certified,complete_exact
089-9305,1,31,21,22,22,20,23,23,23,certified,complete_exact
089-9305,2,29,8,13,8,9,10,9,13,certified_calendar_sensitivity,complete_exact
089-9305,3,31,14,14,15,13,23,15,15,certified_finite_cohorts,complete_exact
089-9305,4,30,18,23,25,19,24,22,25,certified,complete_exact
089-9305,5,31,9,14,12,11,14,11,14,certified,complete_exact
089-9305,6,30,9,8,10,10,22,10,10,certified,complete_exact
089-9305,7,31,16,14,15,17,23,18,18,certified,complete_exact
089-9305,8,31,8,9,9,8,8,9,9,certified,complete_exact
089-9305,9,30,20,22,23,21,21,23,23,certified,incomplete_requires_prediction
089-9305,10,31,12,17,14,13,17,14,17,certified,complete_exact
089-9305,11,30,13,19,15,12,18,15,19,certified,complete_exact
089-9305,12,31,20,21,23,20,25,22,23,certified,complete_exact
089-9611,1,31,21,22,22,20,23,23,23,certified,complete_exact
089-9611,2,29,8,13,8,9,10,9,13,certified_calendar_sensitivity,complete_exact
089-9611,3,31,14,14,15,13,23,15,15,certified_finite_cohorts,complete_exact
089-9611,4,30,18,23,25,19,24,22,25,certified,complete_exact
089-9611,5,31,9,14,12,11,14,11,14,certified,complete_exact
089-9611,6,30,8,8,10,10,22,10,10,certified,complete_exact
089-9611,7,31,16,14,15,17,23,18,18,certified,complete_exact
089-9611,8,31,8,9,9,8,7,9,9,certified,complete_exact
089-9611,9,30,20,22,23,21,21,23,23,certified,incomplete_requires_prediction
089-9611,10,31,12,17,14,13,17,14,17,certified,complete_exact
089-9611,11,30,13,19,15,12,18,15,19,certified,complete_exact
089-9611,12,31,20,21,23,20,25,22,23,certified,complete_exact
089-9707,1,31,20,19,21,20,22,22,22,certified,no_target_record
089-9707,2,29,8,13,8,9,10,9,13,certified_calendar_sensitivity,no_target_record
089-9707,3,31,14,14,15,13,23,15,15,certified_finite_cohorts,no_target_record
089-9707,4,30,18,23,25,19,24,22,25,certified,no_target_record
089-9707,5,31,9,11,11,11,13,10,11,certified,no_target_record
089-9707,6,30,8,8,10,10,22,9,10,certified,no_target_record
089-9707,7,31,16,14,15,17,23,18,18,certified,no_target_record
089-9707,8,31,8,9,9,8,7,9,9,certified,no_target_record
089-9707,9,30,20,22,23,21,21,23,23,certified,no_target_record
089-9707,10,31,12,17,14,13,17,14,17,certified,no_target_record
089-9707,11,30,13,19,15,12,18,15,19,certified,no_target_record
089-9707,12,31,20,21,23,20,25,22,23,certified,no_target_record
089-9717,1,31,21,22,22,20,23,23,23,certified,no_target_record
089-9717,2,29,8,13,8,9,10,9,13,certified_calendar_sensitivity,no_target_record
089-9717,3,31,10,10,12,11,22,11,12,certified_finite_cohorts,no_target_record
089-9717,4,30,18,23,25,19,24,22,25,certified,no_target_record
089-9717,5,31,9,14,12,11,14,11,14,certified,no_target_record
089-9717,6,30,9,8,10,10,22,10,10,certified,no_target_record
089-9717,7,31,16,14,15,17,23,18,18,certified,no_target_record
089-9717,8,31,8,9,9,8,8,9,9,certified,no_target_record
089-9717,9,30,20,22,23,21,21,23,23,certified,no_target_record
089-9717,10,31,12,17,14,13,17,14,17,certified,no_target_record
089-9717,11,30,13,19,15,12,18,15,19,certified,no_target_record
089-9717,12,31,20,21,23,20,25,22,23,certified,incomplete_requires_prediction
089-9907,1,31,21,22,22,20,23,23,23,certified,complete_exact
089-9907,2,29,8,13,8,9,10,9,13,certified_calendar_sensitivity,complete_exact
089-9907,3,31,14,14,15,13,23,15,15,certified_finite_cohorts,complete_exact
089-9907,4,30,18,23,25,19,24,22,25,certified,complete_exact
089-9907,5,31,9,14,12,11,14,11,14,certified,complete_exact
089-9907,6,30,9,8,10,10,22,10,10,certified,complete_exact
089-9907,7,31,16,14,15,17,23,18,18,certified,complete_exact
089-9907,8,31,8,9,9,8,8,9,9,certified,complete_exact
089-9907,9,30,20,22,23,21,21,23,23,certified,incomplete_requires_prediction
089-9907,10,31,12,17,14,13,17,14,17,certified,complete_exact
089-9907,11,30,13,19,15,12,18,15,19,certified,complete_exact
089-9907,12,31,20,21,23,20,25,22,23,certified,complete_exact
095-0189,1,31,15,15,15,16,18,16,16,certified,complete_exact
095-0189,2,29,6,7,8,8,10,7,8,certified_calendar_sensitivity,complete_exact
095-0189,3,31,7,10,10,8,8,8,10,certified,complete_exact
095-0189,4,30,8,13,12,11,20,10,13,certified,complete_exact
095-0189,5,31,9,12,12,11,12,10,12,certified,complete_exact
095-0189,6,30,5,5,5,7,5,5,7,certified,complete_exact
095-0189,7,31,11,10,10,12,13,12,12,certified,complete_exact
095-0189,8,31,4,6,3,6,3,5,6,certified,complete_exact
095-0189,9,30,5,8,9,7,5,6,9,certified,incomplete_requires_prediction
095-0189,10,31,9,10,11,12,21,10,12,certified,complete_exact
095-0189,11,30,7,9,9,9,8,8,9,certified,complete_exact
095-0189,12,31,13,19,14,14,13,15,19,certified,complete_exact
097-0107,1,31,17,18,18,17,23,18,18,certified,complete_exact
097-0107,2,29,6,7,8,8,11,8,8,certified_calendar_sensitivity,complete_exact
097-0107,3,31,6,8,8,7,16,7,8,certified,complete_exact
097-0107,4,30,6,10,8,10,9,8,10,certified,complete_exact
097-0107,5,31,7,10,11,10,12,8,11,certified,complete_exact
097-0107,6,30,5,4,5,7,9,6,7,certified,complete_exact
097-0107,7,31,10,12,11,13,19,12,13,certified,incomplete_requires_prediction
097-0107,8,31,3,3,4,5,3,3,5,certified,no_target_record
097-0107,9,30,14,13,15,14,16,15,15,certified,no_target_record
097-0107,10,31,5,10,6,10,6,6,10,certified,no_target_record
097-0107,11,30,9,15,12,10,14,11,15,certified,no_target_record
097-0107,12,31,12,19,12,13,15,14,19,certified,no_target_record
103-0159,1,31,14,15,15,16,21,15,16,certified,complete_exact
103-0159,2,29,6,7,8,8,9,7,8,certified_calendar_sensitivity,complete_exact
103-0159,3,31,7,12,10,8,7,9,12,certified,complete_exact
103-0159,4,30,6,7,8,7,7,7,8,certified,complete_exact
103-0159,5,31,9,12,12,11,11,10,12,certified,complete_exact
103-0159,6,30,6,6,7,9,11,6,9,certified,complete_exact
103-0159,7,31,16,15,15,18,22,17,18,certified,complete_exact
103-0159,8,31,6,5,5,7,8,7,7,certified,incomplete_requires_prediction
103-0159,9,30,16,17,17,16,19,18,18,certified,incomplete_requires_prediction
103-0159,10,31,8,10,11,12,14,9,12,certified,incomplete_requires_prediction
103-0159,11,30,8,8,10,9,9,9,10,certified,complete_exact
103-0159,12,31,13,14,12,13,15,14,14,certified,complete_exact
107-0092,1,31,14,15,15,16,21,15,16,certified,complete_exact
107-0092,2,29,6,7,8,8,10,7,8,certified_calendar_sensitivity,complete_exact
107-0092,3,31,8,12,10,8,12,10,12,certified,complete_exact
107-0092,4,30,6,7,8,9,11,7,9,certified,complete_exact
107-0092,5,31,9,12,12,11,12,10,12,certified,complete_exact
107-0092,6,30,6,6,8,9,14,7,9,certified,complete_exact
107-0092,7,31,16,15,15,18,22,17,18,certified,complete_exact
107-0092,8,31,4,7,5,6,4,5,7,certified,incomplete_requires_prediction
107-0092,9,30,16,17,17,16,20,18,18,certified,incomplete_requires_prediction
107-0092,10,31,9,10,11,12,21,10,12,certified,complete_exact
107-0092,11,30,8,8,10,9,9,9,10,certified,complete_exact
107-0092,12,31,13,14,12,13,15,14,14,certified,complete_exact
111-0169,1,31,26,27,27,25,28,27,27,certified,complete_exact
111-0169,2,29,22,22,25,20,26,24,25,certified_calendar_sensitivity,complete_exact
111-0169,3,31,20,22,24,20,28,23,24,certified,complete_exact
111-0169,4,30,23,24,25,24,27,24,25,certified,complete_exact
111-0169,5,31,25,27,27,25,28,26,27,certified,complete_exact
111-0169,6,30,19,15,14,16,26,21,21,certified,complete_exact
111-0169,7,31,22,22,24,22,26,23,24,certified,complete_exact
111-0169,8,31,19,14,15,16,26,19,19,certified,complete_exact
111-0169,9,30,25,23,26,24,26,27,27,certified,incomplete_requires_prediction
111-0169,10,31,21,22,24,21,27,23,24,certified,complete_exact
111-0169,11,30,19,22,22,19,25,21,22,certified,complete_exact
111-0169,12,31,23,25,26,22,26,24,26,certified,complete_exact
111-0269,1,31,15,15,15,16,18,16,16,certified,complete_exact
111-0269,2,29,6,7,8,8,10,7,8,certified_calendar_sensitivity,complete_exact
111-0269,3,31,10,14,11,11,15,11,14,certified,complete_exact
111-0269,4,30,9,8,10,11,20,10,11,certified,complete_exact
111-0269,5,31,9,12,12,11,12,10,12,certified,complete_exact
111-0269,6,30,6,6,8,9,14,7,9,certified,complete_exact
111-0269,7,31,13,15,14,15,20,15,15,certified,complete_exact
111-0269,8,31,4,7,5,6,4,5,7,certified,complete_exact
111-0269,9,30,5,8,9,7,5,6,9,certified,incomplete_requires_prediction
111-0269,10,31,5,7,7,11,7,6,11,certified,complete_exact
111-0269,11,30,11,15,13,11,19,13,15,certified,incomplete_requires_prediction
111-0269,12,31,13,19,14,13,12,15,19,certified,complete_exact
113-0316,1,31,15,15,15,16,16,16,16,certified,complete_exact
113-0316,2,29,6,7,8,8,10,7,8,certified_calendar_sensitivity,complete_exact
113-0316,3,31,7,10,10,8,8,8,10,certified,complete_exact
113-0316,4,30,8,13,12,11,20,10,13,certified,complete_exact
113-0316,5,31,9,12,12,11,12,10,12,certified,complete_exact
113-0316,6,30,4,5,2,6,5,5,6,certified,complete_exact
113-0316,7,31,11,10,10,12,13,12,12,certified,complete_exact
113-0316,8,31,4,7,5,6,4,5,7,certified,complete_exact
113-0316,9,30,5,7,8,6,4,6,8,certified,incomplete_requires_prediction
113-0316,10,31,9,10,11,12,21,10,12,certified,complete_exact
113-0316,11,30,7,9,9,9,8,8,9,certified,complete_exact
113-0316,12,31,13,19,14,14,13,15,19,certified,complete_exact
115-0052,1,31,14,15,15,16,21,15,16,certified,complete_exact
115-0052,2,29,6,7,8,8,10,7,8,certified_calendar_sensitivity,complete_exact
115-0052,3,31,7,10,10,8,8,8,10,certified,complete_exact
115-0052,4,30,8,13,12,11,20,10,13,certified,complete_exact
115-0052,5,31,9,12,12,11,12,10,12,certified,complete_exact
115-0052,6,30,5,5,5,7,5,5,7,certified,complete_exact
115-0052,7,31,11,10,10,12,13,12,12,certified,complete_exact
115-0052,8,31,4,7,5,6,4,5,7,certified,complete_exact
115-0052,9,30,5,8,9,7,5,6,9,certified,complete_exact
115-0052,10,31,5,7,7,11,7,6,11,certified,complete_exact
115-0052,11,30,7,9,9,9,8,8,9,certified,complete_exact
115-0052,12,31,13,19,14,14,13,15,19,certified,incomplete_requires_prediction
115-0081,1,31,14,15,15,16,21,15,16,certified,complete_exact
115-0081,2,29,6,7,8,8,10,7,8,certified_calendar_sensitivity,complete_exact
115-0081,3,31,7,10,10,8,8,8,10,certified,incomplete_requires_prediction
115-0081,4,30,8,13,12,11,20,10,13,certified,no_target_record
115-0081,5,31,9,12,12,11,12,10,12,certified,no_target_record
115-0081,6,30,5,5,5,7,5,5,7,certified,no_target_record
115-0081,7,31,11,10,10,12,13,12,12,certified,no_target_record
115-0081,8,31,4,7,5,6,4,5,7,certified,no_target_record
115-0081,9,30,5,7,9,6,4,6,9,certified,no_target_record
115-0081,10,31,5,7,7,11,7,6,11,certified,no_target_record
115-0081,11,30,7,9,9,9,8,8,9,certified,no_target_record
115-0081,12,31,13,19,14,14,13,15,19,certified,no_target_record
117-0059,1,31,24,24,26,25,27,25,26,certified,complete_exact
117-0059,2,29,22,20,24,19,24,23,24,certified_calendar_sensitivity,complete_exact
117-0059,3,31,18,16,16,16,26,19,19,certified,complete_exact
117-0059,4,30,19,22,22,20,25,21,22,certified,complete_exact
117-0059,5,31,24,23,26,25,27,25,26,certified,complete_exact
117-0059,6,30,17,14,13,15,25,18,18,certified,complete_exact
117-0059,7,31,20,18,18,21,26,21,21,certified,complete_exact
117-0059,8,31,19,14,15,16,26,19,19,certified,complete_exact
117-0059,9,30,25,23,26,24,26,27,27,certified,incomplete_requires_prediction
117-0059,10,31,21,22,24,21,27,23,24,certified,complete_exact
117-0059,11,30,19,22,22,19,25,21,22,certified,complete_exact
117-0059,12,31,23,25,26,22,26,24,26,certified,complete_exact
121-0178,1,31,14,15,15,16,21,15,16,certified,complete_exact
121-0178,2,29,6,7,8,8,10,7,8,certified_calendar_sensitivity,complete_exact
121-0178,3,31,7,10,10,8,8,8,10,certified,incomplete_requires_prediction
121-0178,4,30,8,13,12,11,20,10,13,certified,incomplete_requires_prediction
121-0178,5,31,9,12,12,11,12,10,12,certified,complete_exact
121-0178,6,30,5,5,5,7,5,5,7,certified,incomplete_requires_prediction
121-0178,7,31,11,10,10,12,13,12,12,certified,incomplete_requires_prediction
121-0178,8,31,4,7,5,6,4,5,7,certified,complete_exact
121-0178,9,30,5,8,8,6,4,6,8,certified,incomplete_requires_prediction
121-0178,10,31,9,10,11,12,21,10,12,certified,complete_exact
121-0178,11,30,7,9,9,9,8,8,9,certified,incomplete_requires_prediction
121-0178,12,31,13,19,14,14,12,15,19,certified,complete_exact
121-0190,1,31,14,15,15,16,21,15,16,certified,complete_exact
121-0190,2,29,6,7,8,8,10,7,8,certified_calendar_sensitivity,complete_exact
121-0190,3,31,7,10,10,8,8,8,10,certified,complete_exact
121-0190,4,30,8,13,12,11,20,10,13,certified,complete_exact
121-0190,5,31,9,12,12,11,12,10,12,certified,complete_exact
121-0190,6,30,5,5,5,7,5,5,7,certified,complete_exact
121-0190,7,31,11,10,10,12,13,12,12,certified,complete_exact
121-0190,8,31,4,7,5,6,3,5,7,certified,complete_exact
121-0190,9,30,5,8,9,7,4,6,9,certified,incomplete_requires_prediction
121-0190,10,31,9,10,11,12,21,10,12,certified,incomplete_requires_prediction
121-0190,11,30,7,9,9,9,8,8,9,certified,no_target_record
121-0190,12,31,13,19,14,14,13,15,19,certified,no_target_record
121-0456,1,31,18,15,17,18,22,18,18,certified,incomplete_requires_prediction
121-0456,2,29,6,7,8,8,11,8,8,certified_calendar_sensitivity,incomplete_requires_prediction
121-0456,3,31,6,8,8,7,16,7,8,certified,complete_exact
121-0456,4,30,6,10,8,10,9,8,10,certified,complete_exact
121-0456,5,31,7,10,11,10,12,8,11,certified,incomplete_requires_prediction
121-0456,6,30,5,3,4,6,7,5,6,certified,incomplete_requires_prediction
121-0456,7,31,11,12,11,13,19,12,13,certified,incomplete_requires_prediction
121-0456,8,31,3,3,4,5,3,3,5,certified,incomplete_requires_prediction
121-0456,9,30,14,13,15,14,16,15,15,certified,incomplete_requires_prediction
121-0456,10,31,5,10,6,10,6,6,10,certified,complete_exact
121-0456,11,30,9,15,12,10,14,11,15,certified,incomplete_requires_prediction
121-0456,12,31,12,19,12,13,15,14,19,certified,incomplete_requires_prediction
121-0458,1,31,17,18,18,17,23,18,18,certified,complete_exact
121-0458,2,29,6,7,8,8,11,8,8,certified_calendar_sensitivity,complete_exact
121-0458,3,31,6,8,8,7,16,7,8,certified,complete_exact
121-0458,4,30,6,10,8,10,9,8,10,certified,complete_exact
121-0458,5,31,7,10,11,10,12,8,11,certified,complete_exact
121-0458,6,30,5,4,5,7,9,6,7,certified,complete_exact
121-0458,7,31,10,12,11,13,19,11,13,certified,complete_exact
121-0458,8,31,3,3,4,5,3,3,5,certified,incomplete_requires_prediction
121-0458,9,30,14,13,15,14,16,15,15,certified,incomplete_requires_prediction
121-0458,10,31,5,10,6,10,6,6,10,certified,complete_exact
121-0458,11,30,9,15,12,10,14,11,15,certified,complete_exact
121-0458,12,31,12,19,12,13,15,14,19,certified,complete_exact
121-0516,1,31,18,15,16,18,18,19,19,certified,complete_exact
121-0516,2,29,6,7,8,8,11,8,8,certified_calendar_sensitivity,complete_exact
121-0516,3,31,6,8,8,7,16,7,8,certified,incomplete_requires_prediction
121-0516,4,30,6,10,8,10,9,8,10,certified,no_target_record
121-0516,5,31,7,10,11,10,12,8,11,certified,no_target_record
121-0516,6,30,5,3,4,6,7,5,6,certified,no_target_record
121-0516,7,31,11,12,11,13,19,12,13,certified,no_target_record
121-0516,8,31,3,3,4,5,3,3,5,certified,no_target_record
121-0516,9,30,14,13,15,14,16,15,15,certified,no_target_record
121-0516,10,31,5,10,6,10,6,6,10,certified,no_target_record
121-0516,11,30,13,20,16,14,21,15,20,certified,no_target_record
121-0516,12,31,12,19,12,13,15,14,19,certified,no_target_record
121-0795,1,31,14,15,15,16,21,15,16,certified,complete_exact
121-0795,2,29,6,7,8,8,10,7,8,certified_calendar_sensitivity,complete_exact
121-0795,3,31,7,10,10,8,8,8,10,certified,incomplete_requires_prediction
121-0795,4,30,8,13,12,11,20,10,13,certified,incomplete_requires_prediction
121-0795,5,31,9,12,12,11,12,10,12,certified,complete_exact
121-0795,6,30,5,5,5,7,5,5,7,certified,complete_exact
121-0795,7,31,11,10,10,12,13,12,12,certified,complete_exact
121-0795,8,31,4,7,5,6,3,5,7,certified,complete_exact
121-0795,9,30,5,8,9,7,5,6,9,certified,incomplete_requires_prediction
121-0795,10,31,5,7,7,11,7,6,11,certified,complete_exact
121-0795,11,30,7,9,9,9,8,8,9,certified,complete_exact
121-0795,12,31,13,19,14,14,13,15,19,certified,incomplete_requires_prediction
121-0863,1,31,15,15,15,16,18,16,16,certified,complete_exact
121-0863,2,29,6,7,8,8,10,7,8,certified_calendar_sensitivity,complete_exact
121-0863,3,31,7,10,10,8,8,8,10,certified,complete_exact
121-0863,4,30,8,13,12,11,20,10,13,certified,complete_exact
121-0863,5,31,9,12,12,11,12,10,12,certified,complete_exact
121-0863,6,30,4,5,5,6,5,5,6,certified,complete_exact
121-0863,7,31,11,10,10,12,12,12,12,certified,complete_exact
121-0863,8,31,4,7,5,6,4,5,7,certified,complete_exact
121-0863,9,30,5,8,9,7,5,6,9,certified,incomplete_requires_prediction
121-0863,10,31,5,7,7,11,7,6,11,certified,complete_exact
121-0863,11,30,7,9,9,9,8,8,9,certified,complete_exact
121-0863,12,31,13,19,14,14,13,15,19,certified,complete_exact
121-5114,1,31,15,15,15,16,18,16,16,certified,incomplete_requires_prediction
121-5114,2,29,6,7,8,8,10,7,8,certified_calendar_sensitivity,complete_exact
121-5114,3,31,7,10,10,8,8,8,10,certified,complete_exact
121-5114,4,30,8,13,12,11,20,10,13,certified,complete_exact
121-5114,5,31,9,12,12,11,12,10,12,certified,complete_exact
121-5114,6,30,5,5,5,7,5,5,7,certified,complete_exact
121-5114,7,31,11,10,10,12,13,12,12,certified,complete_exact
121-5114,8,31,4,7,5,6,4,5,7,certified,complete_exact
121-5114,9,30,5,8,9,7,5,6,9,certified,incomplete_requires_prediction
121-5114,10,31,5,7,7,11,7,6,11,certified,complete_exact
121-5114,11,30,7,9,9,9,8,8,9,certified,complete_exact
121-5114,12,31,13,19,14,14,13,15,19,certified,complete_exact
121-5374,1,31,15,15,15,16,16,16,16,certified,complete_exact
121-5374,2,29,6,6,8,8,10,7,8,certified_calendar_sensitivity,complete_exact
121-5374,3,31,7,10,10,8,8,8,10,certified,complete_exact
121-5374,4,30,8,13,12,11,20,10,13,certified,complete_exact
121-5374,5,31,9,12,12,11,12,10,12,certified,complete_exact
121-5374,6,30,5,5,5,7,5,5,7,certified,complete_exact
121-5374,7,31,11,10,10,12,13,11,12,certified,incomplete_requires_prediction
121-5374,8,31,4,7,5,6,4,5,7,certified,complete_exact
121-5374,9,30,5,8,9,7,5,6,9,certified,incomplete_requires_prediction
121-5374,10,31,5,7,7,11,7,6,11,certified,complete_exact
121-5374,11,30,7,9,9,9,8,8,9,certified,complete_exact
121-5374,12,31,13,19,14,14,12,15,19,certified,complete_exact
121-5419,1,31,17,18,18,17,23,18,18,certified,complete_exact
121-5419,2,29,6,7,8,8,11,8,8,certified_calendar_sensitivity,complete_exact
121-5419,3,31,6,8,8,7,16,7,8,certified,complete_exact
121-5419,4,30,6,10,8,10,9,8,10,certified,complete_exact
121-5419,5,31,7,10,11,10,12,8,11,certified,complete_exact
121-5419,6,30,5,4,5,7,9,6,7,certified,complete_exact
121-5419,7,31,11,12,11,13,19,12,13,certified,complete_exact
121-5419,8,31,3,3,4,5,3,3,5,certified,complete_exact
121-5419,9,30,14,13,15,14,16,15,15,certified,incomplete_requires_prediction
121-5419,10,31,5,10,6,10,6,6,10,certified,complete_exact
121-5419,11,30,9,15,12,10,14,11,15,certified,complete_exact
121-5419,12,31,12,19,12,13,15,14,19,certified,complete_exact
121-5463,1,31,17,18,18,17,23,18,18,certified,complete_exact
121-5463,2,29,6,7,8,8,11,8,8,certified_calendar_sensitivity,complete_exact
121-5463,3,31,6,8,8,7,16,7,8,certified,complete_exact
121-5463,4,30,6,10,8,10,9,8,10,certified,complete_exact
121-5463,5,31,7,10,11,10,12,8,11,certified,complete_exact
121-5463,6,30,5,4,5,7,9,6,7,certified,complete_exact
121-5463,7,31,11,12,11,13,19,12,13,certified,complete_exact
121-5463,8,31,3,3,4,5,3,3,5,certified,incomplete_requires_prediction
121-5463,9,30,14,13,15,14,16,15,15,certified,no_target_record
121-5463,10,31,5,10,6,10,6,6,10,certified,no_target_record
121-5463,11,30,9,15,12,10,14,11,15,certified,no_target_record
121-5463,12,31,12,19,12,13,15,14,19,certified,no_target_record
121-5468,1,31,17,18,18,17,23,18,18,certified,incomplete_requires_prediction
121-5468,2,29,6,7,8,8,11,8,8,certified_calendar_sensitivity,incomplete_requires_prediction
121-5468,3,31,6,8,8,7,16,7,8,certified,incomplete_requires_prediction
121-5468,4,30,6,10,8,10,9,8,10,certified,incomplete_requires_prediction
121-5468,5,31,7,10,11,10,12,8,11,certified,incomplete_requires_prediction
121-5468,6,30,5,4,5,7,9,6,7,certified,incomplete_requires_prediction
121-5468,7,31,11,12,11,13,19,12,13,certified,incomplete_requires_prediction
121-5468,8,31,3,3,4,5,3,3,5,certified,incomplete_requires_prediction
121-5468,9,30,14,13,15,14,16,15,15,certified,incomplete_requires_prediction
121-5468,10,31,5,10,6,10,6,6,10,certified,incomplete_requires_prediction
121-5468,11,30,9,15,12,10,14,11,15,certified,incomplete_requires_prediction
121-5468,12,31,12,19,12,13,15,14,19,certified,incomplete_requires_prediction
121-5474,1,31,18,15,16,18,18,19,19,certified,complete_exact
121-5474,2,29,6,7,8,8,11,8,8,certified_calendar_sensitivity,incomplete_requires_prediction
121-5474,3,31,6,8,8,7,16,7,8,certified,incomplete_requires_prediction
121-5474,4,30,6,10,8,10,9,8,10,certified,incomplete_requires_prediction
121-5474,5,31,7,10,11,10,12,8,11,certified,complete_exact
121-5474,6,30,5,3,4,6,7,5,6,certified,complete_exact
121-5474,7,31,11,12,11,13,19,12,13,certified,complete_exact
121-5474,8,31,3,3,4,5,3,3,5,certified,complete_exact
121-5474,9,30,14,13,15,14,16,15,15,certified,incomplete_requires_prediction
121-5474,10,31,5,10,6,10,6,6,10,certified,complete_exact
121-5474,11,30,12,20,15,11,21,14,20,certified,complete_exact
121-5474,12,31,12,19,12,13,15,14,19,certified,complete_exact
121-5498,1,31,18,15,17,18,22,18,18,certified,complete_exact
121-5498,2,29,6,7,8,8,11,8,8,certified_calendar_sensitivity,complete_exact
121-5498,3,31,6,8,8,7,16,7,8,certified,complete_exact
121-5498,4,30,6,10,8,10,9,8,10,certified,complete_exact
121-5498,5,31,7,10,11,10,12,8,11,certified,complete_exact
121-5498,6,30,5,4,5,7,9,6,7,certified,complete_exact
121-5498,7,31,11,12,11,13,19,12,13,certified,complete_exact
121-5498,8,31,3,3,4,5,3,3,5,certified,complete_exact
121-5498,9,30,14,13,15,14,16,15,15,certified,incomplete_requires_prediction
121-5498,10,31,5,10,6,8,6,6,10,certified,complete_exact
121-5498,11,30,9,15,12,10,14,11,15,certified,complete_exact
121-5498,12,31,12,19,12,13,15,14,19,certified,complete_exact
121-5505,1,31,18,15,17,18,22,18,18,certified,complete_exact
121-5505,2,29,6,7,8,8,11,8,8,certified_calendar_sensitivity,incomplete_requires_prediction
121-5505,3,31,6,8,8,7,16,7,8,certified,complete_exact
121-5505,4,30,6,10,8,10,9,8,10,certified,complete_exact
121-5505,5,31,7,10,11,10,12,8,11,certified,complete_exact
121-5505,6,30,5,4,5,7,9,6,7,certified,complete_exact
121-5505,7,31,11,12,11,13,19,12,13,certified,complete_exact
121-5505,8,31,3,3,4,5,3,3,5,certified,complete_exact
121-5505,9,30,14,13,15,14,16,15,15,certified,incomplete_requires_prediction
121-5505,10,31,5,10,6,10,6,6,10,certified,complete_exact
121-5505,11,30,9,15,12,10,14,11,15,certified,complete_exact
121-5505,12,31,12,19,12,13,15,14,19,certified,complete_exact
121-5508,1,31,18,15,16,18,18,19,19,certified,no_target_record
121-5508,2,29,6,7,8,8,11,8,8,certified_calendar_sensitivity,no_target_record
121-5508,3,31,6,8,8,7,16,7,8,certified,no_target_record
121-5508,4,30,6,10,8,10,9,8,10,certified,no_target_record
121-5508,5,31,7,10,11,10,12,8,11,certified,no_target_record
121-5508,6,30,5,3,4,6,7,5,6,certified,incomplete_requires_prediction
121-5508,7,31,11,12,11,13,19,12,13,certified,incomplete_requires_prediction
121-5508,8,31,3,3,4,5,3,3,5,certified,incomplete_requires_prediction
121-5508,9,30,14,13,15,14,16,15,15,certified,incomplete_requires_prediction
121-5508,10,31,5,10,6,10,6,6,10,certified,incomplete_requires_prediction
121-5508,11,30,13,20,16,14,21,15,20,certified,incomplete_requires_prediction
121-5508,12,31,12,19,12,13,15,14,19,certified,incomplete_requires_prediction
121-5524,1,31,17,18,18,17,23,18,18,certified,complete_exact
121-5524,2,29,6,7,8,8,11,8,8,certified_calendar_sensitivity,incomplete_requires_prediction
121-5524,3,31,6,8,8,7,16,7,8,certified,incomplete_requires_prediction
121-5524,4,30,6,10,8,10,9,8,10,certified,complete_exact
121-5524,5,31,7,10,11,10,12,8,11,certified,complete_exact
121-5524,6,30,5,4,5,7,9,6,7,certified,complete_exact
121-5524,7,31,11,12,11,13,19,12,13,certified,complete_exact
121-5524,8,31,3,3,4,5,3,3,5,certified,complete_exact
121-5524,9,30,14,13,15,14,16,15,15,certified,incomplete_requires_prediction
121-5524,10,31,5,10,6,10,6,6,10,certified,complete_exact
121-5524,11,30,9,15,12,10,14,11,15,certified,complete_exact
121-5524,12,31,12,19,12,13,15,14,19,certified,complete_exact
121-5534,1,31,18,15,17,18,22,18,18,certified,no_target_record
121-5534,2,29,6,7,8,8,11,8,8,certified_calendar_sensitivity,no_target_record
121-5534,3,31,6,8,8,7,16,7,8,certified,no_target_record
121-5534,4,30,6,10,8,10,9,8,10,certified,no_target_record
121-5534,5,31,7,10,11,10,12,8,11,certified,no_target_record
121-5534,6,30,5,3,4,6,7,5,6,certified,incomplete_requires_prediction
121-5534,7,31,11,12,11,13,19,12,13,certified,complete_exact
121-5534,8,31,3,3,4,5,3,3,5,certified,incomplete_requires_prediction
121-5534,9,30,14,13,15,14,16,15,15,certified,incomplete_requires_prediction
121-5534,10,31,5,10,6,10,6,6,10,certified,incomplete_requires_prediction
121-5534,11,30,9,15,12,10,14,11,15,certified,incomplete_requires_prediction
121-5534,12,31,12,19,12,13,15,14,19,certified,incomplete_requires_prediction
121-5546,1,31,18,15,16,18,18,18,18,certified,complete_exact
121-5546,2,29,6,7,8,8,11,8,8,certified_calendar_sensitivity,complete_exact
121-5546,3,31,6,8,8,7,16,7,8,certified,complete_exact
121-5546,4,30,6,10,8,10,9,8,10,certified,complete_exact
121-5546,5,31,7,10,11,10,12,8,11,certified,complete_exact
121-5546,6,30,5,3,4,6,7,5,6,certified,complete_exact
121-5546,7,31,11,12,11,13,19,12,13,certified,incomplete_requires_prediction
121-5546,8,31,3,3,4,5,3,3,5,certified,no_target_record
121-5546,9,30,14,13,15,14,16,15,15,certified,no_target_record
121-5546,10,31,5,10,6,10,6,6,10,certified,no_target_record
121-5546,11,30,13,20,16,14,21,15,20,certified,no_target_record
121-5546,12,31,12,19,12,13,15,14,19,certified,no_target_record
121-5633,1,31,15,15,15,16,18,16,16,certified,complete_exact
121-5633,2,29,6,7,8,8,8,7,8,certified_calendar_sensitivity,complete_exact
121-5633,3,31,7,10,10,8,8,8,10,certified,complete_exact
121-5633,4,30,8,13,12,11,15,10,13,certified,complete_exact
121-5633,5,31,9,12,12,11,12,10,12,certified,complete_exact
121-5633,6,30,4,5,5,6,5,5,6,certified,complete_exact
121-5633,7,31,11,10,10,12,12,11,12,certified,complete_exact
121-5633,8,31,4,7,5,6,3,5,7,certified,complete_exact
121-5633,9,30,5,8,9,6,4,6,9,certified,incomplete_requires_prediction
121-5633,10,31,5,7,7,10,6,6,10,certified,complete_exact
121-5633,11,30,7,9,9,9,7,8,9,certified,complete_exact
121-5633,12,31,13,18,14,13,13,15,18,certified,complete_exact
121-5969,1,31,18,15,16,18,18,19,19,certified,complete_exact
121-5969,2,29,6,7,8,8,11,8,8,certified_calendar_sensitivity,complete_exact
121-5969,3,31,6,8,8,7,16,7,8,certified,complete_exact
121-5969,4,30,6,10,8,10,9,8,10,certified,incomplete_requires_prediction
121-5969,5,31,7,10,11,10,12,8,11,certified,complete_exact
121-5969,6,30,5,4,5,7,9,6,7,certified,complete_exact
121-5969,7,31,11,12,11,13,19,12,13,certified,complete_exact
121-5969,8,31,3,3,4,5,3,3,5,certified,complete_exact
121-5969,9,30,14,13,15,14,16,15,15,certified,incomplete_requires_prediction
121-5969,10,31,5,10,6,10,6,6,10,certified,complete_exact
121-5969,11,30,13,20,16,14,21,15,20,certified,complete_exact
121-5969,12,31,12,19,12,13,15,14,19,certified,complete_exact
121-6370,1,31,18,15,17,18,22,18,18,certified,incomplete_requires_prediction
121-6370,2,29,6,7,8,8,11,8,8,certified_calendar_sensitivity,incomplete_requires_prediction
121-6370,3,31,6,8,8,7,16,7,8,certified,incomplete_requires_prediction
121-6370,4,30,6,10,8,10,9,8,10,certified,incomplete_requires_prediction
121-6370,5,31,7,10,11,10,12,8,11,certified,incomplete_requires_prediction
121-6370,6,30,5,3,4,6,7,5,6,certified,incomplete_requires_prediction
121-6370,7,31,11,12,11,13,19,12,13,certified,incomplete_requires_prediction
121-6370,8,31,3,3,4,5,3,3,5,certified,incomplete_requires_prediction
121-6370,9,30,14,13,15,14,16,15,15,certified,incomplete_requires_prediction
121-6370,10,31,5,10,6,10,6,6,10,certified,incomplete_requires_prediction
121-6370,11,30,9,15,12,10,14,11,15,certified,incomplete_requires_prediction
121-6370,12,31,12,19,12,13,15,14,19,certified,incomplete_requires_prediction
121-9013,1,31,21,22,22,20,23,23,23,certified,incomplete_requires_prediction
121-9013,2,29,8,13,8,9,10,9,13,certified_calendar_sensitivity,complete_exact
121-9013,3,31,10,10,12,11,22,11,12,certified_finite_cohorts,complete_exact
121-9013,4,30,14,18,17,15,21,17,18,certified,incomplete_requires_prediction
121-9013,5,31,9,14,12,11,14,11,14,certified,incomplete_requires_prediction
121-9013,6,30,9,8,10,10,22,10,10,certified,complete_exact
121-9013,7,31,14,13,14,15,21,15,15,certified,complete_exact
121-9013,8,31,8,9,9,8,8,9,9,certified,incomplete_requires_prediction
121-9013,9,30,20,22,23,21,21,23,23,certified,incomplete_requires_prediction
121-9013,10,31,12,17,14,13,17,14,17,certified,incomplete_requires_prediction
121-9013,11,30,13,19,15,12,18,15,19,certified,incomplete_requires_prediction
121-9013,12,31,20,21,23,20,25,22,23,certified,incomplete_requires_prediction
121-9178,1,31,21,22,22,20,23,23,23,certified,complete_exact
121-9178,2,29,8,13,8,9,10,9,13,certified_calendar_sensitivity,complete_exact
121-9178,3,31,14,14,15,13,23,15,15,certified_finite_cohorts,complete_exact
121-9178,4,30,18,23,25,19,24,22,25,certified,complete_exact
121-9178,5,31,9,14,12,11,14,11,14,certified,complete_exact
121-9178,6,30,9,8,10,10,22,10,10,certified,complete_exact
121-9178,7,31,16,14,15,17,23,17,17,certified,complete_exact
121-9178,8,31,8,9,9,8,8,9,9,certified,incomplete_requires_prediction
121-9178,9,30,20,22,23,21,21,23,23,certified,no_target_record
121-9178,10,31,12,17,14,13,17,14,17,certified,no_target_record
121-9178,11,30,13,19,15,12,18,15,19,certified,no_target_record
121-9178,12,31,20,21,23,20,25,22,23,certified,no_target_record
121-9412,1,31,21,22,22,20,23,23,23,certified,complete_exact
121-9412,2,29,8,13,8,9,10,9,13,certified_calendar_sensitivity,complete_exact
121-9412,3,31,14,14,15,13,23,15,15,certified_finite_cohorts,complete_exact
121-9412,4,30,18,23,25,19,24,22,25,certified,complete_exact
121-9412,5,31,9,14,12,11,14,11,14,certified,complete_exact
121-9412,6,30,9,8,10,10,22,10,10,certified,incomplete_requires_prediction
121-9412,7,31,16,14,15,17,23,18,18,certified,complete_exact
121-9412,8,31,8,9,9,8,8,9,9,certified,complete_exact
121-9412,9,30,20,22,23,21,21,23,23,certified,incomplete_requires_prediction
121-9412,10,31,12,17,14,13,17,14,17,certified,incomplete_requires_prediction
121-9412,11,30,13,19,15,12,18,15,19,certified,complete_exact
121-9412,12,31,20,21,23,20,25,22,23,certified,complete_exact
121-9420,1,31,21,22,22,20,23,23,23,certified,complete_exact
121-9420,2,29,8,13,8,9,10,9,13,certified_calendar_sensitivity,complete_exact
121-9420,3,31,14,14,15,13,23,15,15,certified_finite_cohorts,complete_exact
121-9420,4,30,18,23,25,19,24,22,25,certified,complete_exact
121-9420,5,31,9,14,12,11,14,11,14,certified,complete_exact
121-9420,6,30,9,8,10,10,22,10,10,certified,complete_exact
121-9420,7,31,16,14,15,17,23,18,18,certified,complete_exact
121-9420,8,31,8,9,9,8,8,9,9,certified,incomplete_requires_prediction
121-9420,9,30,20,22,23,21,21,23,23,certified,no_target_record
121-9420,10,31,12,17,14,13,17,14,17,certified,no_target_record
121-9420,11,30,13,19,15,12,18,15,19,certified,no_target_record
121-9420,12,31,20,21,23,20,25,22,23,certified,no_target_record
121-9438,1,31,21,22,22,20,23,23,23,certified,complete_exact
121-9438,2,29,8,13,8,9,10,9,13,certified_calendar_sensitivity,complete_exact
121-9438,3,31,10,10,12,11,22,11,12,certified_finite_cohorts,incomplete_requires_prediction
121-9438,4,30,18,23,25,19,24,22,25,certified,complete_exact
121-9438,5,31,9,14,12,11,14,11,14,certified,complete_exact
121-9438,6,30,8,8,10,10,22,10,10,certified,complete_exact
121-9438,7,31,16,14,15,17,23,18,18,certified,complete_exact
121-9438,8,31,8,9,9,8,8,9,9,certified,complete_exact
121-9438,9,30,20,22,23,21,21,23,23,certified,incomplete_requires_prediction
121-9438,10,31,12,17,14,13,17,14,17,certified,complete_exact
121-9438,11,30,13,19,15,12,18,15,19,certified,complete_exact
121-9438,12,31,20,21,23,20,25,22,23,certified,complete_exact
121-9804,1,31,21,22,22,20,23,23,23,certified,complete_exact
121-9804,2,29,8,13,8,9,10,9,13,certified_calendar_sensitivity,complete_exact
121-9804,3,31,10,10,12,11,22,11,12,certified_finite_cohorts,incomplete_requires_prediction
121-9804,4,30,16,18,17,16,22,18,18,certified,complete_exact
121-9804,5,31,9,14,12,11,14,11,14,certified,complete_exact
121-9804,6,30,9,8,10,10,22,10,10,certified,complete_exact
121-9804,7,31,16,14,15,17,23,18,18,certified,complete_exact
121-9804,8,31,8,9,9,8,8,9,9,certified,complete_exact
121-9804,9,30,20,22,23,21,21,23,23,certified,incomplete_requires_prediction
121-9804,10,31,12,17,14,13,17,14,17,certified,complete_exact
121-9804,11,30,13,19,15,12,18,15,19,certified,complete_exact
121-9804,12,31,20,21,23,20,25,22,23,certified,complete_exact
121-9912,1,31,21,22,22,20,23,22,22,certified,complete_exact
121-9912,2,29,8,13,8,9,10,9,13,certified_calendar_sensitivity,complete_exact
121-9912,3,31,10,10,12,11,22,11,12,certified_finite_cohorts,incomplete_requires_prediction
121-9912,4,30,18,23,25,19,24,22,25,certified,complete_exact
121-9912,5,31,9,11,11,11,12,11,11,certified,complete_exact
121-9912,6,30,8,8,10,10,22,9,10,certified,complete_exact
121-9912,7,31,16,14,15,17,23,17,17,certified,complete_exact
121-9912,8,31,8,9,9,8,8,9,9,certified,complete_exact
121-9912,9,30,20,22,23,21,21,23,23,certified,incomplete_requires_prediction
121-9912,10,31,12,17,14,13,17,13,17,certified,complete_exact
121-9912,11,30,12,19,15,12,18,15,19,certified,complete_exact
121-9912,12,31,20,20,23,20,25,22,23,certified,complete_exact
127-0105,1,31,14,15,15,16,21,15,16,certified,complete_exact
127-0105,2,29,6,7,8,8,10,7,8,certified_calendar_sensitivity,complete_exact
127-0105,3,31,8,12,10,8,12,10,12,certified,complete_exact
127-0105,4,30,7,7,9,9,11,7,9,certified,complete_exact
127-0105,5,31,9,12,12,11,12,10,12,certified,complete_exact
127-0105,6,30,6,6,8,9,14,7,9,certified,complete_exact
127-0105,7,31,16,15,15,18,22,17,18,certified,complete_exact
127-0105,8,31,6,7,10,7,13,8,10,certified,complete_exact
127-0105,9,30,16,17,17,16,20,18,18,certified,incomplete_requires_prediction
127-0105,10,31,9,10,11,12,21,10,12,certified,complete_exact
127-0105,11,30,8,8,10,9,9,9,10,certified,complete_exact
127-0105,12,31,13,14,12,13,15,14,14,certified,complete_exact
127-0107,1,31,14,15,15,16,21,15,16,certified,complete_exact
127-0107,2,29,6,7,8,8,10,7,8,certified_calendar_sensitivity,complete_exact
127-0107,3,31,8,9,10,8,12,9,10,certified,complete_exact
127-0107,4,30,6,7,9,9,11,7,9,certified,complete_exact
127-0107,5,31,9,12,12,11,12,10,12,certified,complete_exact
127-0107,6,30,6,6,8,9,14,7,9,certified,complete_exact
127-0107,7,31,16,15,15,18,22,17,18,certified,complete_exact
127-0107,8,31,6,7,10,7,13,8,10,certified,incomplete_requires_prediction
127-0107,9,30,15,16,16,15,20,16,16,certified,incomplete_requires_prediction
127-0107,10,31,9,9,11,12,21,9,12,certified,complete_exact
127-0107,11,30,8,8,10,9,9,9,10,certified,complete_exact
127-0107,12,31,13,14,12,13,15,14,14,certified,complete_exact
127-0236,1,31,14,15,15,16,21,15,16,certified,complete_exact
127-0236,2,29,6,7,8,8,10,7,8,certified_calendar_sensitivity,complete_exact
127-0236,3,31,8,12,10,8,12,10,12,certified,complete_exact
127-0236,4,30,7,7,9,9,11,7,9,certified,incomplete_requires_prediction
127-0236,5,31,9,12,12,11,12,10,12,certified,complete_exact
127-0236,6,30,6,6,8,9,14,7,9,certified,complete_exact
127-0236,7,31,16,15,15,18,22,17,18,certified,incomplete_requires_prediction
127-0236,8,31,6,7,10,7,13,8,10,certified,incomplete_requires_prediction
127-0236,9,30,16,17,17,16,20,18,18,certified,incomplete_requires_prediction
127-0236,10,31,9,10,11,12,21,10,12,certified,complete_exact
127-0236,11,30,8,8,10,9,9,9,10,certified,complete_exact
127-0236,12,31,13,14,12,13,15,14,14,certified,complete_exact
127-0289,1,31,26,27,27,25,28,27,27,certified,complete_exact
127-0289,2,29,22,22,25,20,26,24,25,certified_calendar_sensitivity,complete_exact
127-0289,3,31,20,22,24,20,28,23,24,certified,complete_exact
127-0289,4,30,23,24,25,24,27,24,25,certified,complete_exact
127-0289,5,31,25,27,27,25,28,26,27,certified,complete_exact
127-0289,6,30,19,15,14,16,26,21,21,certified,complete_exact
127-0289,7,31,22,22,24,22,26,23,24,certified,complete_exact
127-0289,8,31,19,14,15,16,26,19,19,certified,incomplete_requires_prediction
127-0289,9,30,25,22,26,24,26,26,26,certified,incomplete_requires_prediction
127-0289,10,31,21,22,24,21,27,23,24,certified,complete_exact
127-0289,11,30,19,22,22,19,25,21,22,certified,complete_exact
127-0289,12,31,23,25,26,22,26,24,26,certified,complete_exact
127-0312,1,31,22,23,26,21,27,25,26,certified,incomplete_requires_prediction
127-0312,2,29,12,19,12,13,21,17,19,certified_calendar_sensitivity,incomplete_requires_prediction
127-0312,3,31,7,8,7,8,20,7,8,certified,incomplete_requires_prediction
127-0312,4,30,19,22,21,19,25,21,22,certified,complete_exact
127-0312,5,31,7,10,11,10,12,8,11,certified,complete_exact
127-0312,6,30,5,4,5,7,9,6,7,certified,incomplete_requires_prediction
127-0312,7,31,13,14,12,15,20,14,15,certified,incomplete_requires_prediction
127-0312,8,31,8,10,10,8,15,9,10,certified,incomplete_requires_prediction
127-0312,9,30,14,12,14,14,16,15,15,certified,incomplete_requires_prediction
127-0312,10,31,6,13,10,10,6,7,13,certified,incomplete_requires_prediction
127-0312,11,30,17,23,19,16,22,19,23,certified,complete_exact
127-0312,12,31,24,27,26,24,24,25,27,certified,complete_exact
127-0456,1,31,14,15,15,16,21,15,16,certified,complete_exact
127-0456,2,29,6,7,8,8,10,7,8,certified_calendar_sensitivity,complete_exact
127-0456,3,31,7,10,10,8,8,8,10,certified,complete_exact
127-0456,4,30,8,13,12,11,20,10,13,certified,complete_exact
127-0456,5,31,9,12,12,11,12,10,12,certified,complete_exact
127-0456,6,30,5,5,5,6,5,5,6,certified,complete_exact
127-0456,7,31,16,15,15,18,22,17,18,certified,complete_exact
127-0456,8,31,6,7,10,7,13,7,10,certified,incomplete_requires_prediction
127-0456,9,30,16,17,17,16,20,18,18,certified,incomplete_requires_prediction
127-0456,10,31,9,10,11,12,21,10,12,certified,complete_exact
127-0456,11,30,8,8,10,9,9,9,10,certified,complete_exact
127-0456,12,31,13,14,12,13,15,14,14,certified,complete_exact
135-0241,1,31,17,18,18,17,23,18,18,certified,complete_exact
135-0241,2,29,6,7,8,8,11,8,8,certified_calendar_sensitivity,complete_exact
135-0241,3,31,6,8,8,7,16,7,8,certified,complete_exact
135-0241,4,30,6,10,8,10,9,8,10,certified,complete_exact
135-0241,5,31,7,10,11,10,12,8,11,certified,complete_exact
135-0241,6,30,5,4,5,7,9,6,7,certified,incomplete_requires_prediction
135-0241,7,31,11,12,11,13,19,12,13,certified,complete_exact
135-0241,8,31,3,3,4,5,3,3,5,certified,complete_exact
135-0241,9,30,14,13,15,14,16,15,15,certified,incomplete_requires_prediction
135-0241,10,31,5,10,6,10,6,6,10,certified,incomplete_requires_prediction
135-0241,11,30,9,15,12,10,14,11,15,certified,incomplete_requires_prediction
135-0241,12,31,12,19,12,13,15,14,19,certified,complete_exact
135-0267,1,31,17,18,18,17,23,18,18,certified,complete_exact
135-0267,2,29,6,7,8,8,11,8,8,certified_calendar_sensitivity,complete_exact
135-0267,3,31,6,8,8,7,16,7,8,certified,complete_exact
135-0267,4,30,6,10,8,10,9,8,10,certified,complete_exact
135-0267,5,31,7,10,11,10,12,8,11,certified,complete_exact
135-0267,6,30,5,4,5,7,9,6,7,certified,complete_exact
135-0267,7,31,11,12,11,13,19,12,13,certified,complete_exact
135-0267,8,31,3,3,4,5,3,3,5,certified,complete_exact
135-0267,9,30,14,13,15,14,16,15,15,certified,incomplete_requires_prediction
135-0267,10,31,5,10,6,10,6,6,10,certified,complete_exact
135-0267,11,30,9,15,12,10,14,11,15,certified,complete_exact
135-0267,12,31,12,19,12,13,15,14,19,certified,complete_exact
135-0298,1,31,18,15,17,18,22,18,18,certified,incomplete_requires_prediction
135-0298,2,29,6,7,8,8,11,8,8,certified_calendar_sensitivity,complete_exact
135-0298,3,31,6,8,8,7,16,7,8,certified,complete_exact
135-0298,4,30,6,10,8,10,9,8,10,certified,complete_exact
135-0298,5,31,7,10,11,10,12,8,11,certified,incomplete_requires_prediction
135-0298,6,30,5,4,5,7,9,6,7,certified,incomplete_requires_prediction
135-0298,7,31,11,12,11,13,19,12,13,certified,incomplete_requires_prediction
135-0298,8,31,3,3,4,5,3,3,5,certified,no_target_record
135-0298,9,30,14,13,15,14,16,15,15,certified,no_target_record
135-0298,10,31,5,10,6,10,6,6,10,certified,no_target_record
135-0298,11,30,9,15,12,10,14,11,15,certified,no_target_record
135-0298,12,31,12,19,12,13,15,14,19,certified,no_target_record
135-0563,1,31,15,15,15,16,18,16,16,certified,complete_exact
135-0563,2,29,6,7,8,8,10,7,8,certified_calendar_sensitivity,complete_exact
135-0563,3,31,7,10,10,8,8,8,10,certified,complete_exact
135-0563,4,30,8,13,12,11,20,10,13,certified,complete_exact
135-0563,5,31,9,12,12,11,12,10,12,certified,complete_exact
135-0563,6,30,5,5,5,7,5,5,7,certified,complete_exact
135-0563,7,31,11,10,10,12,13,12,12,certified,complete_exact
135-0563,8,31,6,7,10,7,13,8,10,certified,complete_exact
135-0563,9,30,5,8,9,7,5,6,9,certified,incomplete_requires_prediction
135-0563,10,31,5,7,7,11,7,6,11,certified,complete_exact
135-0563,11,30,7,9,9,9,8,8,9,certified,complete_exact
135-0563,12,31,13,19,14,14,13,15,19,certified,complete_exact
135-6285,1,31,18,15,16,18,18,19,19,certified,incomplete_requires_prediction
135-6285,2,29,6,7,8,8,11,8,8,certified_calendar_sensitivity,complete_exact
135-6285,3,31,6,8,8,7,16,7,8,certified,complete_exact
135-6285,4,30,6,10,8,10,9,8,10,certified,complete_exact
135-6285,5,31,7,10,11,10,12,8,11,certified,complete_exact
135-6285,6,30,5,4,5,7,9,6,7,certified,complete_exact
135-6285,7,31,11,12,11,13,19,12,13,certified,complete_exact
135-6285,8,31,3,3,4,5,3,3,5,certified,incomplete_requires_prediction
135-6285,9,30,14,13,15,14,16,15,15,certified,incomplete_requires_prediction
135-6285,10,31,5,10,6,10,6,6,10,certified,complete_exact
135-6285,11,30,9,15,12,10,14,11,15,certified,complete_exact
135-6285,12,31,12,19,12,13,15,14,19,certified,complete_exact
135-9200,1,31,20,22,22,20,23,22,22,certified,complete_exact
135-9200,2,29,8,13,8,9,10,9,13,certified_calendar_sensitivity,complete_exact
135-9200,3,31,14,14,15,13,23,15,15,certified_finite_cohorts,complete_exact
135-9200,4,30,18,23,25,19,24,22,25,certified,complete_exact
135-9200,5,31,9,10,11,11,14,10,11,certified,complete_exact
135-9200,6,30,9,8,10,10,22,10,10,certified,complete_exact
135-9200,7,31,16,14,15,17,23,18,18,certified,complete_exact
135-9200,8,31,8,9,9,8,8,9,9,certified,complete_exact
135-9200,9,30,20,22,23,21,21,23,23,certified,incomplete_requires_prediction
135-9200,10,31,12,17,14,13,17,14,17,certified,complete_exact
135-9200,11,30,12,19,15,12,18,14,19,certified,complete_exact
135-9200,12,31,20,21,23,20,25,22,23,certified,complete_exact
135-9427,1,31,21,22,22,20,23,23,23,certified,complete_exact
135-9427,2,29,8,13,8,9,10,9,13,certified_calendar_sensitivity,complete_exact
135-9427,3,31,14,14,15,13,23,15,15,certified_finite_cohorts,complete_exact
135-9427,4,30,18,23,25,19,24,22,25,certified,complete_exact
135-9427,5,31,9,14,12,11,14,11,14,certified,complete_exact
135-9427,6,30,9,8,10,10,22,10,10,certified,complete_exact
135-9427,7,31,16,14,15,17,23,18,18,certified,complete_exact
135-9427,8,31,8,9,9,8,8,9,9,certified,complete_exact
135-9427,9,30,20,22,23,21,21,23,23,certified,incomplete_requires_prediction
135-9427,10,31,12,17,14,13,17,14,17,certified,complete_exact
135-9427,11,30,13,19,15,12,18,15,19,certified,complete_exact
135-9427,12,31,20,21,23,20,25,22,23,certified,complete_exact
135-9528,1,31,21,22,22,20,23,23,23,certified,complete_exact
135-9528,2,29,8,13,8,9,10,9,13,certified_calendar_sensitivity,complete_exact
135-9528,3,31,14,14,15,13,23,15,15,certified_finite_cohorts,complete_exact
135-9528,4,30,18,23,25,19,24,22,25,certified,complete_exact
135-9528,5,31,9,14,12,11,14,11,14,certified,complete_exact
135-9528,6,30,9,8,10,10,22,10,10,certified,complete_exact
135-9528,7,31,16,14,15,17,23,18,18,certified,complete_exact
135-9528,8,31,8,9,9,8,8,9,9,certified,complete_exact
135-9528,9,30,20,22,23,21,21,23,23,certified,incomplete_requires_prediction
135-9528,10,31,12,17,14,13,17,14,17,certified,complete_exact
135-9528,11,30,13,19,15,12,18,15,19,certified,complete_exact
135-9528,12,31,20,21,23,20,25,22,23,certified,complete_exact
137-0152,1,31,26,27,27,25,28,27,27,certified,complete_exact
137-0152,2,29,22,22,25,20,26,24,25,certified_calendar_sensitivity,complete_exact
137-0152,3,31,20,22,24,20,28,23,24,certified,incomplete_requires_prediction
137-0152,4,30,23,24,25,24,27,24,25,certified,complete_exact
137-0152,5,31,25,27,27,25,28,26,27,certified,complete_exact
137-0152,6,30,19,15,14,16,26,21,21,certified,complete_exact
137-0152,7,31,22,22,24,22,26,23,24,certified,complete_exact
137-0152,8,31,19,14,15,16,26,19,19,certified,complete_exact
137-0152,9,30,25,23,26,24,26,27,27,certified,incomplete_requires_prediction
137-0152,10,31,21,22,24,21,27,23,24,certified,complete_exact
137-0152,11,30,19,22,22,19,25,21,22,certified,complete_exact
137-0152,12,31,23,25,26,22,26,24,26,certified,complete_exact
139-0183,1,31,15,15,15,16,18,16,16,certified,incomplete_requires_prediction
139-0183,2,29,6,7,8,8,10,7,8,certified_calendar_sensitivity,incomplete_requires_prediction
139-0183,3,31,7,10,10,8,8,8,10,certified,incomplete_requires_prediction
139-0183,4,30,8,13,12,11,20,10,13,certified,incomplete_requires_prediction
139-0183,5,31,9,12,12,11,12,10,12,certified,incomplete_requires_prediction
139-0183,6,30,5,5,5,7,5,5,7,certified,complete_exact
139-0183,7,31,11,10,10,12,13,12,12,certified,incomplete_requires_prediction
139-0183,8,31,4,7,5,6,4,5,7,certified,complete_exact
139-0183,9,30,5,8,9,7,5,6,9,certified,incomplete_requires_prediction
139-0183,10,31,5,7,7,11,7,6,11,certified,complete_exact
139-0183,11,30,7,9,9,9,8,8,9,certified,complete_exact
139-0183,12,31,13,19,14,14,13,15,19,certified,complete_exact
139-0418,1,31,17,18,18,17,23,18,18,certified,complete_exact
139-0418,2,29,6,7,8,8,11,7,8,certified_calendar_sensitivity,complete_exact
139-0418,3,31,6,8,7,7,16,7,8,certified,incomplete_requires_prediction
139-0418,4,30,6,10,7,10,9,8,10,certified,complete_exact
139-0418,5,31,7,10,11,10,12,8,11,certified,complete_exact
139-0418,6,30,5,3,4,6,7,5,6,certified,complete_exact
139-0418,7,31,11,12,11,13,19,12,13,certified,complete_exact
139-0418,8,31,3,3,4,5,3,3,5,certified,complete_exact
139-0418,9,30,14,13,15,14,16,15,15,certified,incomplete_requires_prediction
139-0418,10,31,5,10,6,8,6,6,10,certified,complete_exact
139-0418,11,30,9,15,12,10,14,11,15,certified,complete_exact
139-0418,12,31,12,19,12,13,15,14,19,certified,complete_exact
139-0514,1,31,26,27,27,25,28,27,27,certified,complete_exact
139-0514,2,29,22,22,25,20,26,24,25,certified_calendar_sensitivity,complete_exact
139-0514,3,31,20,22,24,20,28,23,24,certified,complete_exact
139-0514,4,30,23,24,25,24,27,24,25,certified,complete_exact
139-0514,5,31,25,27,27,25,28,26,27,certified,complete_exact
139-0514,6,30,19,15,14,16,26,21,21,certified,incomplete_requires_prediction
139-0514,7,31,22,22,24,22,26,23,24,certified,complete_exact
139-0514,8,31,19,14,15,16,26,19,19,certified,complete_exact
139-0514,9,30,25,23,26,24,26,27,27,certified,incomplete_requires_prediction
139-0514,10,31,21,22,24,21,27,23,24,certified,complete_exact
139-0514,11,30,19,22,22,19,25,21,22,certified,complete_exact
139-0514,12,31,23,25,26,22,26,24,26,certified,complete_exact
139-0587,1,31,15,15,15,16,18,16,16,certified,complete_exact
139-0587,2,29,6,7,8,8,10,7,8,certified_calendar_sensitivity,complete_exact
139-0587,3,31,7,10,10,8,8,8,10,certified,complete_exact
139-0587,4,30,8,13,12,11,20,10,13,certified,complete_exact
139-0587,5,31,9,12,12,11,12,10,12,certified,complete_exact
139-0587,6,30,5,5,5,7,5,5,7,certified,complete_exact
139-0587,7,31,11,10,10,12,13,12,12,certified,complete_exact
139-0587,8,31,4,7,5,6,4,5,7,certified,complete_exact
139-0587,9,30,5,8,9,7,5,6,9,certified,incomplete_requires_prediction
139-0587,10,31,5,7,7,11,7,6,11,certified,complete_exact
139-0587,11,30,7,9,9,9,8,8,9,certified,complete_exact
139-0587,12,31,12,17,13,13,11,14,17,certified,complete_exact
143-0126,1,31,18,15,16,18,18,18,18,certified,complete_exact
143-0126,2,29,12,19,12,13,21,17,19,certified_calendar_sensitivity,complete_exact
143-0126,3,31,6,8,8,7,16,7,8,certified,complete_exact
143-0126,4,30,6,10,8,10,9,8,10,certified,complete_exact
143-0126,5,31,7,10,11,10,12,8,11,certified,complete_exact
143-0126,6,30,5,4,5,7,9,6,7,certified,complete_exact
143-0126,7,31,13,13,12,15,20,14,15,certified,incomplete_requires_prediction
143-0126,8,31,8,10,10,8,15,9,10,certified,complete_exact
143-0126,9,30,14,13,15,14,16,15,15,certified,incomplete_requires_prediction
143-0126,10,31,5,10,6,8,6,6,10,certified,complete_exact
143-0126,11,30,17,23,19,16,22,19,23,certified,incomplete_requires_prediction
143-0126,12,31,25,27,27,25,25,26,27,certified,incomplete_requires_prediction
145-0234,1,31,18,15,16,18,18,19,19,certified,incomplete_requires_prediction
145-0234,2,29,6,7,8,8,11,7,8,certified_calendar_sensitivity,complete_exact
145-0234,3,31,6,8,8,7,16,7,8,certified,complete_exact
145-0234,4,30,6,10,8,9,9,8,10,certified,complete_exact
145-0234,5,31,7,10,11,10,12,8,11,certified,complete_exact
145-0234,6,30,5,3,4,6,7,5,6,certified,complete_exact
145-0234,7,31,11,10,11,13,19,12,13,certified,incomplete_requires_prediction
145-0234,8,31,3,3,4,5,2,3,5,certified,complete_exact
145-0234,9,30,14,13,15,14,16,15,15,certified,incomplete_requires_prediction
145-0234,10,31,5,10,6,10,6,6,10,certified,complete_exact
145-0234,11,30,17,23,19,16,22,20,23,certified,complete_exact
145-0234,12,31,25,27,27,25,25,26,27,certified,complete_exact
147-0287,1,31,23,23,26,22,27,26,26,certified,complete_exact
147-0287,2,29,12,19,12,13,21,17,19,certified_calendar_sensitivity,complete_exact
147-0287,3,31,7,8,7,8,20,7,8,certified,complete_exact
147-0287,4,30,19,22,21,19,25,21,22,certified,complete_exact
147-0287,5,31,7,10,11,10,12,8,11,certified,complete_exact
147-0287,6,30,5,3,4,6,7,5,6,certified,complete_exact
147-0287,7,31,13,14,12,15,20,14,15,certified,complete_exact
147-0287,8,31,8,10,10,8,15,9,10,certified,complete_exact
147-0287,9,30,14,13,15,14,16,15,15,certified,complete_exact
147-0287,10,31,6,13,10,10,6,7,13,certified,complete_exact
147-0287,11,30,17,23,19,16,22,20,23,certified,complete_exact
147-0287,12,31,25,27,27,25,25,26,27,certified,complete_exact
151-0412,1,31,17,14,16,17,16,17,17,certified,complete_exact
151-0412,2,29,6,7,8,8,10,7,8,certified_calendar_sensitivity,complete_exact
151-0412,3,31,6,8,8,7,14,7,8,certified,incomplete_requires_prediction
151-0412,4,30,6,10,8,9,8,7,10,certified,complete_exact
151-0412,5,31,7,10,11,10,11,8,11,certified,incomplete_requires_prediction
151-0412,6,30,5,3,4,7,9,6,7,certified,complete_exact
151-0412,7,31,11,12,11,13,19,12,13,certified,complete_exact
151-0412,8,31,3,3,3,5,2,3,5,certified,complete_exact
151-0412,9,30,14,13,15,14,16,15,15,certified,incomplete_requires_prediction
151-0412,10,31,5,10,6,10,6,6,10,certified,complete_exact
151-0412,11,30,13,20,16,14,21,15,20,certified,complete_exact
151-0412,12,31,12,19,12,13,15,14,19,certified,complete_exact
153-0109,1,31,14,15,15,16,21,15,16,certified,complete_exact
153-0109,2,29,6,7,8,8,10,7,8,certified_calendar_sensitivity,complete_exact
153-0109,3,31,7,9,9,7,7,8,9,certified,complete_exact
153-0109,4,30,9,8,10,11,20,10,11,certified,complete_exact
153-0109,5,31,9,12,12,11,12,10,12,certified,complete_exact
153-0109,6,30,6,6,8,9,14,7,9,certified,complete_exact
153-0109,7,31,11,10,10,12,13,12,12,certified,complete_exact
153-0109,8,31,6,7,10,7,13,8,10,certified,complete_exact
153-0109,9,30,16,17,17,16,20,18,18,certified,incomplete_requires_prediction
153-0109,10,31,5,7,7,11,7,6,11,certified,incomplete_requires_prediction
153-0109,11,30,11,15,13,11,19,13,15,certified,complete_exact
153-0109,12,31,13,14,12,13,15,14,14,certified,complete_exact
153-0143,1,31,15,15,15,16,18,16,16,certified,complete_exact
153-0143,2,29,6,7,8,8,10,7,8,certified_calendar_sensitivity,complete_exact
153-0143,3,31,10,14,11,11,15,11,14,certified,complete_exact
153-0143,4,30,9,8,10,11,20,10,11,certified,complete_exact
153-0143,5,31,9,12,12,11,12,10,12,certified,complete_exact
153-0143,6,30,6,6,8,9,14,7,9,certified,complete_exact
153-0143,7,31,13,15,14,15,20,15,15,certified,incomplete_requires_prediction
153-0143,8,31,4,7,5,6,4,5,7,certified,no_target_record
153-0143,9,30,5,8,9,7,5,6,9,certified,no_target_record
153-0143,10,31,5,7,7,11,7,6,11,certified,no_target_record
153-0143,11,30,11,15,13,11,19,13,15,certified,no_target_record
153-0143,12,31,13,19,14,14,13,15,19,certified,no_target_record
153-0189,1,31,14,15,15,16,21,15,16,certified,complete_exact
153-0189,2,29,6,7,8,8,10,7,8,certified_calendar_sensitivity,complete_exact
153-0189,3,31,7,10,10,8,8,8,10,certified,complete_exact
153-0189,4,30,8,13,12,11,20,10,13,certified,complete_exact
153-0189,5,31,9,12,12,11,12,10,12,certified,complete_exact
153-0189,6,30,4,4,5,6,4,5,6,certified,complete_exact
153-0189,7,31,15,15,14,17,22,17,17,certified,complete_exact
153-0189,8,31,4,7,5,6,4,5,7,certified,complete_exact
153-0189,9,30,5,8,9,7,4,6,9,certified,incomplete_requires_prediction
153-0189,10,31,9,10,11,12,21,10,12,certified,complete_exact
153-0189,11,30,8,8,10,9,9,9,10,certified,complete_exact
153-0189,12,31,13,14,12,13,15,14,14,certified,complete_exact
153-0198,1,31,23,23,26,22,27,26,26,certified,complete_exact
153-0198,2,29,12,19,12,13,21,17,19,certified_calendar_sensitivity,complete_exact
153-0198,3,31,7,8,7,8,20,7,8,certified,complete_exact
153-0198,4,30,18,22,21,19,25,21,22,certified,incomplete_requires_prediction
153-0198,5,31,7,10,11,10,11,8,11,certified,complete_exact
153-0198,6,30,5,4,5,7,9,6,7,certified,incomplete_requires_prediction
153-0198,7,31,13,13,12,15,20,14,15,certified,complete_exact
153-0198,8,31,8,10,10,8,15,9,10,certified,complete_exact
153-0198,9,30,14,12,15,14,16,15,15,certified,incomplete_requires_prediction
153-0198,10,31,5,10,6,8,6,6,10,certified,incomplete_requires_prediction
153-0198,11,30,17,23,19,16,22,19,23,certified,complete_exact
153-0198,12,31,24,27,26,24,25,25,27,certified,complete_exact
153-0332,1,31,15,15,15,16,18,16,16,certified,complete_exact
153-0332,2,29,6,7,8,8,10,7,8,certified_calendar_sensitivity,complete_exact
153-0332,3,31,7,10,10,8,8,8,10,certified,complete_exact
153-0332,4,30,8,13,12,11,20,10,13,certified,complete_exact
153-0332,5,31,9,12,12,11,12,10,12,certified,complete_exact
153-0332,6,30,5,5,5,7,5,5,7,certified,complete_exact
153-0332,7,31,11,10,10,12,13,12,12,certified,incomplete_requires_prediction
153-0332,8,31,4,7,5,6,4,5,7,certified,complete_exact
153-0332,9,30,5,8,9,7,5,6,9,certified,incomplete_requires_prediction
153-0332,10,31,5,7,7,11,7,6,11,certified,complete_exact
153-0332,11,30,7,9,9,9,8,8,9,certified,complete_exact
153-0332,12,31,13,19,14,14,13,15,19,certified,complete_exact
161-0189,1,31,14,15,15,16,21,15,16,certified,complete_exact
161-0189,2,29,6,7,8,8,10,7,8,certified_calendar_sensitivity,complete_exact
161-0189,3,31,10,14,11,11,15,11,14,certified,complete_exact
161-0189,4,30,6,7,9,9,11,7,9,certified,complete_exact
161-0189,5,31,9,12,12,11,12,10,12,certified,complete_exact
161-0189,6,30,6,6,8,9,14,7,9,certified,complete_exact
161-0189,7,31,13,15,14,15,20,15,15,certified,complete_exact
161-0189,8,31,6,7,10,7,13,8,10,certified,incomplete_requires_prediction
161-0189,9,30,16,17,17,16,20,18,18,certified,incomplete_requires_prediction
161-0189,10,31,5,7,7,11,7,6,11,certified,complete_exact
161-0189,11,30,11,15,13,11,19,13,15,certified,complete_exact
161-0189,12,31,13,14,12,13,15,14,14,certified,complete_exact
165-0107,1,31,14,15,15,16,21,15,16,certified,complete_exact
165-0107,2,29,6,7,8,8,10,7,8,certified_calendar_sensitivity,complete_exact
165-0107,3,31,10,14,11,11,15,11,14,certified,complete_exact
165-0107,4,30,9,8,10,11,20,10,11,certified,complete_exact
165-0107,5,31,9,12,12,11,12,10,12,certified,complete_exact
165-0107,6,30,6,6,8,9,14,7,9,certified,complete_exact
165-0107,7,31,13,15,14,15,20,15,15,certified,complete_exact
165-0107,8,31,6,7,10,7,13,8,10,certified,complete_exact
165-0107,9,30,16,17,17,16,20,18,18,certified,incomplete_requires_prediction
165-0107,10,31,5,7,7,11,7,6,11,certified,complete_exact
165-0107,11,30,11,15,13,11,19,13,15,certified,complete_exact
165-0107,12,31,13,14,12,13,15,14,14,certified,complete_exact
175-0038,1,31,14,15,15,16,21,15,16,certified,complete_exact
175-0038,2,29,6,7,8,8,10,7,8,certified_calendar_sensitivity,complete_exact
175-0038,3,31,8,12,10,8,12,10,12,certified,complete_exact
175-0038,4,30,9,8,10,11,20,10,11,certified,complete_exact
175-0038,5,31,9,12,12,11,12,10,12,certified,complete_exact
175-0038,6,30,6,6,8,9,14,7,9,certified,complete_exact
175-0038,7,31,11,10,10,12,13,12,12,certified,complete_exact
175-0038,8,31,6,7,10,7,13,8,10,certified,complete_exact
175-0038,9,30,16,17,17,16,20,18,18,certified,incomplete_requires_prediction
175-0038,10,31,5,7,7,11,7,6,11,certified,complete_exact
175-0038,11,30,11,15,13,11,19,13,15,certified,complete_exact
175-0038,12,31,13,14,12,13,15,14,14,certified,complete_exact
175-0216,1,31,26,27,27,25,28,27,27,certified,complete_exact
175-0216,2,29,22,22,25,20,26,24,25,certified_calendar_sensitivity,complete_exact
175-0216,3,31,20,22,24,20,28,23,24,certified,complete_exact
175-0216,4,30,23,24,25,24,27,24,25,certified,complete_exact
175-0216,5,31,25,27,27,25,28,26,27,certified,complete_exact
175-0216,6,30,19,15,14,16,26,21,21,certified,complete_exact
175-0216,7,31,22,22,24,22,26,23,24,certified,complete_exact
175-0216,8,31,19,14,15,16,26,19,19,certified,complete_exact
175-0216,9,30,25,23,26,24,26,27,27,certified,incomplete_requires_prediction
175-0216,10,31,21,22,24,21,27,23,24,certified,complete_exact
175-0216,11,30,19,22,22,19,25,21,22,certified,complete_exact
175-0216,12,31,23,25,26,22,26,24,26,certified,complete_exact
175-0247,1,31,23,23,26,22,27,26,26,certified,complete_exact
175-0247,2,29,12,19,12,13,21,17,19,certified_calendar_sensitivity,complete_exact
175-0247,3,31,7,8,8,10,22,8,10,certified,complete_exact
175-0247,4,30,19,22,21,19,25,21,22,certified,complete_exact
175-0247,5,31,7,10,11,10,12,8,11,certified,complete_exact
175-0247,6,30,5,3,5,7,9,6,7,certified,complete_exact
175-0247,7,31,13,14,12,15,20,14,15,certified,complete_exact
175-0247,8,31,7,10,10,8,15,9,10,certified,incomplete_requires_prediction
175-0247,9,30,14,13,15,14,16,15,15,certified,incomplete_requires_prediction
175-0247,10,31,6,13,10,10,6,7,13,certified,complete_exact
175-0247,11,30,17,23,19,16,22,20,23,certified,complete_exact
175-0247,12,31,25,27,27,25,25,26,27,certified,complete_exact
175-0254,1,31,23,23,26,22,27,26,26,certified,complete_exact
175-0254,2,29,12,19,12,13,21,17,19,certified_calendar_sensitivity,complete_exact
175-0254,3,31,7,8,8,10,22,8,10,certified,complete_exact
175-0254,4,30,19,22,21,19,25,21,22,certified,complete_exact
175-0254,5,31,7,10,11,10,12,8,11,certified,complete_exact
175-0254,6,30,5,4,5,7,9,6,7,certified,complete_exact
175-0254,7,31,13,14,12,15,20,14,15,certified,complete_exact
175-0254,8,31,8,10,10,8,15,9,10,certified,incomplete_requires_prediction
175-0254,9,30,14,13,15,14,16,15,15,certified,incomplete_requires_prediction
175-0254,10,31,6,13,10,10,6,7,13,certified,complete_exact
175-0254,11,30,17,23,19,16,22,20,23,certified,complete_exact
175-0254,12,31,25,27,27,25,25,26,27,certified,complete_exact
175-0256,1,31,23,23,26,22,27,26,26,certified,complete_exact
175-0256,2,29,12,19,12,13,21,17,19,certified_calendar_sensitivity,complete_exact
175-0256,3,31,7,8,8,10,22,8,10,certified,complete_exact
175-0256,4,30,19,22,21,19,25,21,22,certified,complete_exact
175-0256,5,31,7,10,11,10,12,8,11,certified,complete_exact
175-0256,6,30,5,4,5,7,9,6,7,certified,complete_exact
175-0256,7,31,13,14,12,15,20,14,15,certified,complete_exact
175-0256,8,31,8,10,10,8,15,9,10,certified,complete_exact
175-0256,9,30,14,13,15,14,16,15,15,certified,incomplete_requires_prediction
175-0256,10,31,6,13,10,10,6,7,13,certified,complete_exact
175-0256,11,30,17,23,19,16,22,20,23,certified,complete_exact
175-0256,12,31,25,27,27,25,25,26,27,certified,complete_exact
175-0269,1,31,26,27,27,25,28,27,27,certified,complete_exact
175-0269,2,29,22,22,25,20,26,24,25,certified_calendar_sensitivity,complete_exact
175-0269,3,31,20,22,24,20,28,23,24,certified,complete_exact
175-0269,4,30,23,24,25,24,27,24,25,certified,complete_exact
175-0269,5,31,25,27,27,25,28,26,27,certified,complete_exact
175-0269,6,30,19,15,14,16,26,21,21,certified,complete_exact
175-0269,7,31,22,22,24,22,26,23,24,certified,complete_exact
175-0269,8,31,19,14,15,16,26,19,19,certified,complete_exact
175-0269,9,30,25,23,26,24,26,27,27,certified,incomplete_requires_prediction
175-0269,10,31,21,22,24,21,27,23,24,certified,complete_exact
175-0269,11,30,19,22,22,19,25,21,22,certified,complete_exact
175-0269,12,31,23,25,26,22,26,24,26,certified,complete_exact
177-0005,1,31,14,15,15,16,21,15,16,certified,complete_exact
177-0005,2,29,6,7,8,8,10,7,8,certified_calendar_sensitivity,complete_exact
177-0005,3,31,7,10,9,8,7,8,10,certified,complete_exact
177-0005,4,30,8,13,11,11,20,10,13,certified,incomplete_requires_prediction
177-0005,5,31,9,12,12,11,11,10,12,certified,incomplete_requires_prediction
177-0005,6,30,4,5,5,6,5,5,6,certified,complete_exact
177-0005,7,31,11,10,10,12,12,12,12,certified,complete_exact
177-0005,8,31,4,7,5,6,3,4,7,certified,complete_exact
177-0005,9,30,5,8,9,7,5,6,9,certified,incomplete_requires_prediction
177-0005,10,31,8,10,11,12,21,9,12,certified,complete_exact
177-0005,11,30,7,7,7,9,8,8,9,certified,complete_exact
177-0005,12,31,13,18,14,13,12,15,18,certified,complete_exact
177-0041,1,31,14,15,15,16,21,15,16,certified,complete_exact
177-0041,2,29,6,7,8,8,10,7,8,certified_calendar_sensitivity,complete_exact
177-0041,3,31,10,14,11,11,15,11,14,certified,complete_exact
177-0041,4,30,9,8,10,11,20,10,11,certified,complete_exact
177-0041,5,31,9,12,12,11,12,10,12,certified,complete_exact
177-0041,6,30,6,6,8,9,14,7,9,certified,complete_exact
177-0041,7,31,13,15,14,15,20,15,15,certified,complete_exact
177-0041,8,31,6,7,10,7,13,8,10,certified,complete_exact
177-0041,9,30,16,17,17,16,20,18,18,certified,incomplete_requires_prediction
177-0041,10,31,5,7,7,11,7,6,11,certified,incomplete_requires_prediction
177-0041,11,30,11,15,13,11,19,13,15,certified,complete_exact
177-0041,12,31,13,14,12,13,15,14,14,certified,complete_exact
179-0018,1,31,14,15,15,16,21,15,16,certified,complete_exact
179-0018,2,29,6,7,8,8,10,7,8,certified_calendar_sensitivity,complete_exact
179-0018,3,31,8,12,10,8,12,10,12,certified,complete_exact
179-0018,4,30,6,7,9,9,11,7,9,certified,complete_exact
179-0018,5,31,9,12,12,11,12,10,12,certified,complete_exact
179-0018,6,30,6,6,8,9,14,7,9,certified,complete_exact
179-0018,7,31,16,15,15,18,22,17,18,certified,complete_exact
179-0018,8,31,6,7,10,7,13,8,10,certified,complete_exact
179-0018,9,30,16,17,17,16,20,18,18,certified,incomplete_requires_prediction
179-0018,10,31,9,10,11,12,21,10,12,certified,complete_exact
179-0018,11,30,8,8,10,9,9,9,10,certified,complete_exact
179-0018,12,31,13,14,12,13,15,14,14,certified,complete_exact
179-0072,1,31,14,15,15,16,21,15,16,certified,complete_exact
179-0072,2,29,6,7,8,8,10,7,8,certified_calendar_sensitivity,complete_exact
179-0072,3,31,8,12,10,8,12,10,12,certified,complete_exact
179-0072,4,30,6,7,9,9,11,7,9,certified,complete_exact
179-0072,5,31,9,12,12,11,12,10,12,certified,complete_exact
179-0072,6,30,6,6,8,9,14,7,9,certified,complete_exact
179-0072,7,31,16,15,15,18,22,17,18,certified,complete_exact
179-0072,8,31,6,7,10,7,13,8,10,certified,complete_exact
179-0072,9,30,16,17,17,16,20,18,18,certified,incomplete_requires_prediction
179-0072,10,31,9,10,11,12,21,10,12,certified,complete_exact
179-0072,11,30,8,8,10,9,9,9,10,certified,complete_exact
179-0072,12,31,13,14,12,13,14,14,14,certified,complete_exact
185-0227,1,31,23,23,26,22,27,26,26,certified,complete_exact
185-0227,2,29,12,18,11,13,21,16,18,certified_calendar_sensitivity,complete_exact
185-0227,3,31,7,8,7,8,20,7,8,certified,complete_exact
185-0227,4,30,18,22,20,19,25,20,22,certified,complete_exact
185-0227,5,31,7,10,11,10,11,8,11,certified,complete_exact
185-0227,6,30,5,4,5,7,9,6,7,certified,complete_exact
185-0227,7,31,13,14,12,15,20,14,15,certified,complete_exact
185-0227,8,31,8,10,10,8,15,9,10,certified,complete_exact
185-0227,9,30,13,12,14,14,16,15,15,certified,incomplete_requires_prediction
185-0227,10,31,6,13,10,10,6,7,13,certified,incomplete_requires_prediction
185-0227,11,30,17,23,19,16,22,20,23,certified,complete_exact
185-0227,12,31,25,27,27,25,25,26,27,certified,complete_exact
185-0235,1,31,23,23,26,22,27,26,26,certified,no_target_record
185-0235,2,29,12,19,12,13,21,17,19,certified_calendar_sensitivity,no_target_record
185-0235,3,31,7,8,8,10,22,8,10,certified,no_target_record
185-0235,4,30,18,22,21,19,25,21,22,certified,no_target_record
185-0235,5,31,7,10,11,10,12,8,11,certified,no_target_record
185-0235,6,30,5,4,5,7,9,6,7,certified,no_target_record
185-0235,7,31,13,14,12,15,20,14,15,certified,no_target_record
185-0235,8,31,8,10,10,8,15,9,10,certified,no_target_record
185-0235,9,30,14,13,15,14,16,15,15,certified,no_target_record
185-0235,10,31,6,13,10,10,6,7,13,certified,no_target_record
185-0235,11,30,17,23,19,16,22,20,23,certified,no_target_record
185-0235,12,31,25,27,27,25,25,26,27,certified,incomplete_requires_prediction
187-0009,1,31,14,15,15,16,21,15,16,certified,complete_exact
187-0009,2,29,6,7,8,8,10,7,8,certified_calendar_sensitivity,complete_exact
187-0009,3,31,7,10,9,8,7,8,10,certified,complete_exact
187-0009,4,30,8,13,12,11,20,10,13,certified,complete_exact
187-0009,5,31,9,12,12,11,12,10,12,certified,complete_exact
187-0009,6,30,5,5,5,7,5,5,7,certified,complete_exact
187-0009,7,31,13,15,14,15,20,15,15,certified,complete_exact
187-0009,8,31,4,6,3,6,3,4,6,certified,complete_exact
187-0009,9,30,5,8,9,7,5,6,9,certified,incomplete_requires_prediction
187-0009,10,31,5,7,7,11,7,6,11,certified,complete_exact
187-0009,11,30,7,9,9,9,8,8,9,certified,complete_exact
187-0009,12,31,13,18,14,13,13,15,18,certified,complete_exact
187-0067,1,31,15,15,15,16,18,16,16,certified,incomplete_requires_prediction
187-0067,2,29,6,6,8,8,10,7,8,certified_calendar_sensitivity,no_target_record
187-0067,3,31,10,14,11,10,15,11,14,certified,no_target_record
187-0067,4,30,9,8,10,11,20,10,11,certified,no_target_record
187-0067,5,31,9,12,12,11,12,10,12,certified,no_target_record
187-0067,6,30,6,6,8,9,14,7,9,certified,no_target_record
187-0067,7,31,13,15,14,15,20,15,15,certified,no_target_record
187-0067,8,31,4,7,5,6,4,5,7,certified,no_target_record
187-0067,9,30,5,8,9,7,5,6,9,certified,no_target_record
187-0067,10,31,5,7,7,11,7,6,11,certified,no_target_record
187-0067,11,30,11,15,13,11,19,13,15,certified,no_target_record
187-0067,12,31,13,19,14,14,13,15,19,certified,no_target_record
191-0129,1,31,26,27,27,25,28,27,27,certified,complete_exact
191-0129,2,29,22,22,25,20,26,24,25,certified_calendar_sensitivity,complete_exact
191-0129,3,31,20,22,24,20,28,23,24,certified,complete_exact
191-0129,4,30,23,24,25,24,27,24,25,certified,complete_exact
191-0129,5,31,25,27,27,25,28,26,27,certified,complete_exact
191-0129,6,30,19,15,14,16,26,21,21,certified,complete_exact
191-0129,7,31,22,22,24,22,26,23,24,certified,complete_exact
191-0129,8,31,19,14,15,16,26,19,19,certified,incomplete_requires_prediction
191-0129,9,30,25,23,26,24,26,27,27,certified,incomplete_requires_prediction
191-0129,10,31,21,22,24,21,27,23,24,certified,complete_exact
191-0129,11,30,19,22,22,19,25,21,22,certified,complete_exact
191-0129,12,31,23,25,26,22,26,24,26,certified,complete_exact
191-0174,1,31,14,15,15,16,21,15,16,certified,complete_exact
191-0174,2,29,6,6,8,8,9,7,8,certified_calendar_sensitivity,complete_exact
191-0174,3,31,10,14,11,10,14,11,14,certified,complete_exact
191-0174,4,30,8,8,10,10,12,9,10,certified,complete_exact
191-0174,5,31,9,12,12,11,12,10,12,certified,complete_exact
191-0174,6,30,6,6,8,9,14,7,9,certified,complete_exact
191-0174,7,31,13,15,14,15,20,15,15,certified,complete_exact
191-0174,8,31,6,7,10,7,13,7,10,certified,complete_exact
191-0174,9,30,15,17,17,16,19,18,18,certified,incomplete_requires_prediction
191-0174,10,31,5,7,7,10,7,6,10,certified,complete_exact
191-0174,11,30,10,15,12,11,17,12,15,certified,complete_exact
191-0174,12,31,13,14,12,13,15,14,14,certified,complete_exact
191-0187,1,31,22,23,26,21,27,25,26,certified,complete_exact
191-0187,2,29,12,19,12,13,21,17,19,certified_calendar_sensitivity,incomplete_requires_prediction
191-0187,3,31,7,8,8,10,22,8,10,certified,no_target_record
191-0187,4,30,19,22,21,19,25,21,22,certified,no_target_record
191-0187,5,31,7,10,11,10,12,8,11,certified,no_target_record
191-0187,6,30,5,4,5,7,9,6,7,certified,no_target_record
191-0187,7,31,13,14,12,15,20,14,15,certified,no_target_record
191-0187,8,31,8,10,10,8,15,9,10,certified,no_target_record
191-0187,9,30,13,12,14,14,15,15,15,certified,no_target_record
191-0187,10,31,6,13,10,10,6,7,13,certified,no_target_record
191-0187,11,30,17,23,19,16,22,19,23,certified,no_target_record
191-0187,12,31,24,27,26,23,24,25,27,certified,no_target_record
199-0312,1,31,18,15,16,18,18,18,18,certified,complete_exact
199-0312,2,29,12,19,12,13,21,17,19,certified_calendar_sensitivity,complete_exact
199-0312,3,31,6,8,7,7,14,7,8,certified,complete_exact
199-0312,4,30,19,22,21,19,25,21,22,certified,complete_exact
199-0312,5,31,7,10,11,10,11,8,11,certified,complete_exact
199-0312,6,30,5,4,5,7,9,6,7,certified,complete_exact
199-0312,7,31,13,14,12,15,20,14,15,certified,complete_exact
199-0312,8,31,8,10,10,8,15,9,10,certified,complete_exact
199-0312,9,30,14,13,15,14,16,15,15,certified,incomplete_requires_prediction
199-0312,10,31,5,10,6,10,6,6,10,certified,incomplete_requires_prediction
199-0312,11,30,17,23,19,16,22,20,23,certified,incomplete_requires_prediction
199-0312,12,31,25,27,27,25,25,26,27,certified,no_target_record
205-0243,1,31,14,15,15,16,21,15,16,certified,complete_exact
205-0243,2,29,6,7,8,8,10,7,8,certified_calendar_sensitivity,complete_exact
205-0243,3,31,8,12,10,8,12,10,12,certified,complete_exact
205-0243,4,30,9,8,10,11,20,10,11,certified,complete_exact
205-0243,5,31,9,12,12,11,12,10,12,certified,complete_exact
205-0243,6,30,6,6,8,9,14,7,9,certified,complete_exact
205-0243,7,31,11,10,10,12,13,12,12,certified,incomplete_requires_prediction
205-0243,8,31,6,7,10,7,13,8,10,certified,complete_exact
205-0243,9,30,16,17,17,16,20,18,18,certified,incomplete_requires_prediction
205-0243,10,31,5,7,7,11,7,6,11,certified,incomplete_requires_prediction
205-0243,11,30,11,15,13,11,19,13,15,certified,complete_exact
205-0243,12,31,13,14,12,13,15,14,14,certified,complete_exact
207-9408,1,31,20,22,21,20,22,22,22,certified,complete_exact
207-9408,2,29,8,11,8,9,8,8,11,certified_calendar_sensitivity,complete_exact
207-9408,3,31,13,14,14,13,22,15,15,certified_finite_cohorts,complete_exact
207-9408,4,30,18,23,23,18,22,22,23,certified,complete_exact
207-9408,5,31,9,14,12,11,12,11,14,certified,complete_exact
207-9408,6,30,8,8,10,9,11,8,10,certified,complete_exact
207-9408,7,31,16,14,15,16,22,17,17,certified,complete_exact
207-9408,8,31,8,9,9,8,8,9,9,certified,complete_exact
207-9408,9,30,20,21,23,20,21,23,23,certified,incomplete_requires_prediction
207-9408,10,31,11,14,14,13,17,13,14,certified,complete_exact
207-9408,11,30,11,14,13,12,12,13,14,certified,complete_exact
207-9408,12,31,19,21,22,19,25,21,22,certified,complete_exact
207-9507,1,31,21,22,22,20,23,23,23,certified,complete_exact
207-9507,2,29,8,13,8,9,9,9,13,certified_calendar_sensitivity,complete_exact
207-9507,3,31,14,14,15,13,22,15,15,certified_finite_cohorts,complete_exact
207-9507,4,30,17,23,22,17,22,21,23,certified,complete_exact
207-9507,5,31,9,14,12,11,12,11,14,certified,complete_exact
207-9507,6,30,8,8,10,10,12,9,10,certified,complete_exact
207-9507,7,31,16,14,15,17,23,17,17,certified,complete_exact
207-9507,8,31,8,9,9,8,7,9,9,certified,complete_exact
207-9507,9,30,20,22,23,21,21,23,23,certified,incomplete_requires_prediction
207-9507,10,31,12,17,14,13,17,13,17,certified,complete_exact
207-9507,11,30,12,14,14,12,13,14,14,certified,complete_exact
207-9507,12,31,19,21,22,18,25,21,22,certified,complete_exact
209-0123,1,31,14,15,15,16,21,15,16,certified,complete_exact
209-0123,2,29,6,7,8,8,10,7,8,certified_calendar_sensitivity,complete_exact
209-0123,3,31,8,12,10,8,12,10,12,certified,complete_exact
209-0123,4,30,6,7,8,9,11,7,9,certified,complete_exact
209-0123,5,31,9,12,12,11,12,10,12,certified,complete_exact
209-0123,6,30,6,6,8,9,14,7,9,certified,complete_exact
209-0123,7,31,16,15,15,18,22,17,18,certified,complete_exact
209-0123,8,31,6,7,10,7,13,8,10,certified,complete_exact
209-0123,9,30,16,17,17,16,20,18,18,certified,incomplete_requires_prediction
209-0123,10,31,9,10,11,12,21,10,12,certified,complete_exact
209-0123,11,30,8,8,10,9,9,9,10,certified,complete_exact
209-0123,12,31,13,14,12,13,15,14,14,certified,complete_exact
211-0203,1,31,23,23,26,22,27,26,26,certified,complete_exact
211-0203,2,29,12,19,12,13,21,17,19,certified_calendar_sensitivity,complete_exact
211-0203,3,31,7,8,8,10,22,8,10,certified,complete_exact
211-0203,4,30,19,22,21,19,25,21,22,certified,incomplete_requires_prediction
211-0203,5,31,7,10,11,10,12,8,11,certified,incomplete_requires_prediction
211-0203,6,30,5,4,5,7,9,6,7,certified,complete_exact
211-0203,7,31,13,14,12,15,20,14,15,certified,complete_exact
211-0203,8,31,8,10,10,8,15,9,10,certified,incomplete_requires_prediction
211-0203,9,30,14,13,15,14,16,15,15,certified,incomplete_requires_prediction
211-0203,10,31,6,13,10,10,6,7,13,certified,complete_exact
211-0203,11,30,8,8,10,9,10,8,10,certified,complete_exact
211-0203,12,31,25,27,27,25,25,26,27,certified,complete_exact
213-0112,1,31,26,27,27,25,28,27,27,certified,complete_exact
213-0112,2,29,22,22,25,20,26,24,25,certified_calendar_sensitivity,complete_exact
213-0112,3,31,20,22,24,20,28,23,24,certified,complete_exact
213-0112,4,30,23,24,25,24,27,24,25,certified,complete_exact
213-0112,5,31,25,27,27,25,28,26,27,certified,complete_exact
213-0112,6,30,19,15,14,16,26,21,21,certified,complete_exact
213-0112,7,31,22,22,24,22,26,23,24,certified,complete_exact
213-0112,8,31,19,14,15,16,26,19,19,certified,complete_exact
213-0112,9,30,25,23,26,24,26,27,27,certified,complete_exact
213-0112,10,31,21,22,24,21,27,23,24,certified,complete_exact
213-0112,11,30,19,22,22,19,25,21,22,certified,complete_exact
213-0112,12,31,23,25,26,22,26,24,26,certified,complete_exact
213-0212,1,31,26,27,27,25,28,27,27,certified,complete_exact
213-0212,2,29,22,22,25,20,26,24,25,certified_calendar_sensitivity,complete_exact
213-0212,3,31,20,22,24,20,28,23,24,certified,complete_exact
213-0212,4,30,23,24,25,24,27,24,25,certified,complete_exact
213-0212,5,31,25,27,27,25,28,26,27,certified,complete_exact
213-0212,6,30,19,15,14,16,26,21,21,certified,complete_exact
213-0212,7,31,22,22,24,22,26,23,24,certified,incomplete_requires_prediction
213-0212,8,31,19,14,15,16,26,19,19,certified,complete_exact
213-0212,9,30,25,23,26,24,26,27,27,certified,complete_exact
213-0212,10,31,21,22,24,21,27,23,24,certified,incomplete_requires_prediction
213-0212,11,30,19,22,22,19,25,21,22,certified,complete_exact
213-0212,12,31,23,25,26,22,26,24,26,certified,complete_exact
215-0165,1,31,14,15,15,16,21,15,16,certified,complete_exact
215-0165,2,29,6,7,8,8,10,7,8,certified_calendar_sensitivity,complete_exact
215-0165,3,31,7,10,10,8,8,8,10,certified,complete_exact
215-0165,4,30,8,13,12,11,20,10,13,certified,complete_exact
215-0165,5,31,9,12,12,11,12,10,12,certified,incomplete_requires_prediction
215-0165,6,30,5,5,5,7,5,5,7,certified,no_target_record
215-0165,7,31,11,10,10,12,12,12,12,certified,no_target_record
215-0165,8,31,4,7,5,6,4,5,7,certified,no_target_record
215-0165,9,30,5,8,9,7,5,6,9,certified,no_target_record
215-0165,10,31,9,10,11,12,21,10,12,certified,no_target_record
215-0165,11,30,7,9,9,9,8,8,9,certified,no_target_record
215-0165,12,31,13,19,14,14,13,15,19,certified,no_target_record
215-0325,1,31,17,18,18,17,23,18,18,certified,complete_exact
215-0325,2,29,6,7,8,8,11,7,8,certified_calendar_sensitivity,complete_exact
215-0325,3,31,6,8,7,7,14,7,8,certified,complete_exact
215-0325,4,30,6,10,8,10,9,8,10,certified,complete_exact
215-0325,5,31,7,10,11,10,11,8,11,certified,complete_exact
215-0325,6,30,5,3,4,7,9,6,7,certified,complete_exact
215-0325,7,31,10,12,11,13,18,11,13,certified,complete_exact
215-0325,8,31,3,3,3,5,3,3,5,certified,complete_exact
215-0325,9,30,14,13,15,14,16,15,15,certified,incomplete_requires_prediction
215-0325,10,31,5,10,6,10,6,6,10,certified,complete_exact
215-0325,11,30,9,15,12,10,14,11,15,certified,complete_exact
215-0325,12,31,12,17,12,13,14,14,17,certified,incomplete_requires_prediction
215-0336,1,31,18,15,17,18,22,18,18,certified,complete_exact
215-0336,2,29,6,7,8,8,11,8,8,certified_calendar_sensitivity,complete_exact
215-0336,3,31,6,8,8,7,16,7,8,certified,complete_exact
215-0336,4,30,6,10,7,10,9,8,10,certified,complete_exact
215-0336,5,31,7,10,11,10,12,8,11,certified,incomplete_requires_prediction
215-0336,6,30,5,4,5,7,9,6,7,certified,no_target_record
215-0336,7,31,10,12,11,13,19,12,13,certified,no_target_record
215-0336,8,31,3,3,3,5,3,3,5,certified,no_target_record
215-0336,9,30,14,13,15,14,16,15,15,certified,no_target_record
215-0336,10,31,5,10,6,10,6,6,10,certified,no_target_record
215-0336,11,30,9,15,12,10,14,11,15,certified,no_target_record
215-0336,12,31,12,19,12,13,15,14,19,certified,no_target_record
217-0218,1,31,17,18,18,17,23,18,18,certified,complete_exact
217-0218,2,29,6,7,8,8,11,8,8,certified_calendar_sensitivity,complete_exact
217-0218,3,31,6,8,8,7,16,7,8,certified,complete_exact
217-0218,4,30,6,10,7,10,9,8,10,certified,complete_exact
217-0218,5,31,7,10,11,10,12,8,11,certified,complete_exact
217-0218,6,30,5,3,4,6,7,5,6,certified,complete_exact
217-0218,7,31,11,12,11,13,19,12,13,certified,complete_exact
217-0218,8,31,3,3,4,5,3,3,5,certified,complete_exact
217-0218,9,30,14,13,15,14,16,15,15,certified,incomplete_requires_prediction
217-0218,10,31,5,10,6,10,6,6,10,certified,complete_exact
217-0218,11,30,9,15,12,10,14,11,15,certified,complete_exact
217-0218,12,31,12,19,12,13,15,14,19,certified,complete_exact
219-0203,1,31,26,27,27,25,28,27,27,certified,no_target_record
219-0203,2,29,22,22,25,20,26,24,25,certified_calendar_sensitivity,no_target_record
219-0203,3,31,20,22,24,20,28,23,24,certified,incomplete_requires_prediction
219-0203,4,30,23,23,25,24,27,24,25,certified,complete_exact
219-0203,5,31,25,27,27,25,28,26,27,certified,complete_exact
219-0203,6,30,19,15,14,16,26,21,21,certified,complete_exact
219-0203,7,31,22,22,24,22,26,23,24,certified,complete_exact
219-0203,8,31,19,14,15,16,26,19,19,certified,complete_exact
219-0203,9,30,25,23,26,24,26,27,27,certified,incomplete_requires_prediction
219-0203,10,31,21,22,24,21,27,23,24,certified,complete_exact
219-0203,11,30,19,22,22,19,25,21,22,certified,complete_exact
219-0203,12,31,23,25,26,22,26,24,26,certified,complete_exact
227-0166,1,31,26,27,27,25,28,27,27,certified,complete_exact
227-0166,2,29,22,22,25,20,26,24,25,certified_calendar_sensitivity,complete_exact
227-0166,3,31,20,22,24,20,28,23,24,certified,complete_exact
227-0166,4,30,23,24,25,24,27,24,25,certified,complete_exact
227-0166,5,31,25,27,27,25,28,26,27,certified,complete_exact
227-0166,6,30,19,15,14,16,26,21,21,certified,complete_exact
227-0166,7,31,22,22,24,22,26,23,24,certified,complete_exact
227-0166,8,31,19,14,15,16,26,19,19,certified,complete_exact
227-0166,9,30,25,23,26,24,26,27,27,certified,incomplete_requires_prediction
227-0166,10,31,21,22,24,21,27,23,24,certified,complete_exact
227-0166,11,30,19,22,22,19,25,21,22,certified,complete_exact
227-0166,12,31,23,25,26,22,26,24,26,certified,complete_exact
227-0237,1,31,15,15,15,16,18,16,16,certified,complete_exact
227-0237,2,29,6,6,8,8,10,7,8,certified_calendar_sensitivity,complete_exact
227-0237,3,31,10,14,11,11,15,11,14,certified,complete_exact
227-0237,4,30,9,8,10,11,20,10,11,certified,complete_exact
227-0237,5,31,9,12,12,11,12,10,12,certified,complete_exact
227-0237,6,30,6,6,8,9,14,7,9,certified,complete_exact
227-0237,7,31,13,15,14,15,20,15,15,certified,complete_exact
227-0237,8,31,4,7,5,6,4,5,7,certified,complete_exact
227-0237,9,30,5,8,9,7,5,6,9,certified,incomplete_requires_prediction
227-0237,10,31,5,7,7,11,7,6,11,certified,complete_exact
227-0237,11,30,11,15,13,11,19,13,15,certified,complete_exact
227-0237,12,31,13,19,14,13,13,15,19,certified,complete_exact
227-0249,1,31,15,15,15,16,18,16,16,certified,complete_exact
227-0249,2,29,6,6,8,8,9,6,8,certified_calendar_sensitivity,complete_exact
227-0249,3,31,10,14,11,10,15,11,14,certified,complete_exact
227-0249,4,30,9,8,10,11,20,10,11,certified,complete_exact
227-0249,5,31,9,12,12,11,12,10,12,certified,complete_exact
227-0249,6,30,6,6,8,9,14,6,9,certified,complete_exact
227-0249,7,31,13,15,14,15,20,15,15,certified,incomplete_requires_prediction
227-0249,8,31,4,7,5,6,4,5,7,certified,complete_exact
227-0249,9,30,5,8,9,6,4,6,9,certified,incomplete_requires_prediction
227-0249,10,31,5,7,7,11,7,6,11,certified,complete_exact
227-0249,11,30,11,15,13,11,19,13,15,certified,complete_exact
227-0249,12,31,13,19,14,13,13,15,19,certified,incomplete_requires_prediction
229-0163,1,31,14,15,15,16,21,15,16,certified,complete_exact
229-0163,2,29,6,7,8,8,10,7,8,certified_calendar_sensitivity,complete_exact
229-0163,3,31,8,12,10,8,12,10,12,certified,complete_exact
229-0163,4,30,6,7,8,9,11,7,9,certified,complete_exact
229-0163,5,31,9,12,12,11,12,10,12,certified,complete_exact
229-0163,6,30,6,6,8,9,14,7,9,certified,complete_exact
229-0163,7,31,16,15,15,18,22,17,18,certified,complete_exact
229-0163,8,31,6,7,10,7,13,7,10,certified,incomplete_requires_prediction
229-0163,9,30,16,17,17,16,20,18,18,certified,incomplete_requires_prediction
229-0163,10,31,9,10,11,12,21,10,12,certified,complete_exact
229-0163,11,30,8,8,10,9,9,9,10,certified,complete_exact
229-0163,12,31,13,14,12,13,15,14,14,certified,complete_exact
229-0184,1,31,26,27,27,25,28,27,27,certified,complete_exact
229-0184,2,29,22,22,25,20,26,24,25,certified_calendar_sensitivity,complete_exact
229-0184,3,31,20,22,24,20,28,23,24,certified,complete_exact
229-0184,4,30,23,23,25,24,27,24,25,certified,complete_exact
229-0184,5,31,25,23,27,25,28,26,27,certified,complete_exact
229-0184,6,30,19,15,14,16,26,21,21,certified,complete_exact
229-0184,7,31,22,22,24,22,26,23,24,certified,complete_exact
229-0184,8,31,17,14,14,16,26,19,19,certified,incomplete_requires_prediction
229-0184,9,30,25,23,26,24,26,27,27,certified,incomplete_requires_prediction
229-0184,10,31,20,16,16,21,27,21,21,certified,complete_exact
229-0184,11,30,19,22,22,19,25,21,22,certified,complete_exact
229-0184,12,31,22,25,25,22,26,24,25,certified,complete_exact
235-0138,1,31,14,15,15,16,21,15,16,certified,complete_exact
235-0138,2,29,6,7,8,8,10,7,8,certified_calendar_sensitivity,complete_exact
235-0138,3,31,7,10,10,8,8,8,10,certified,complete_exact
235-0138,4,30,9,8,10,11,20,10,11,certified,complete_exact
235-0138,5,31,9,12,12,11,12,10,12,certified,complete_exact
235-0138,6,30,6,6,8,9,14,7,9,certified,complete_exact
235-0138,7,31,11,10,10,12,13,12,12,certified,complete_exact
235-0138,8,31,4,7,5,6,4,5,7,certified,complete_exact
235-0138,9,30,5,8,9,7,5,6,9,certified,incomplete_requires_prediction
235-0138,10,31,5,7,7,11,7,6,11,certified,complete_exact
235-0138,11,30,11,15,13,11,19,13,15,certified,complete_exact
235-0138,12,31,13,14,12,13,15,14,14,certified,complete_exact
245-0214,1,31,23,23,26,22,27,26,26,certified,complete_exact
245-0214,2,29,12,19,12,13,21,17,19,certified_calendar_sensitivity,complete_exact
245-0214,3,31,6,8,8,7,16,7,8,certified,complete_exact
245-0214,4,30,19,22,21,19,25,21,22,certified,complete_exact
245-0214,5,31,7,10,11,10,12,8,11,certified,complete_exact
245-0214,6,30,5,4,5,7,9,6,7,certified,complete_exact
245-0214,7,31,11,12,11,13,19,12,13,certified,complete_exact
245-0214,8,31,8,10,10,8,15,9,10,certified,complete_exact
245-0214,9,30,14,13,15,14,16,15,15,certified,incomplete_requires_prediction
245-0214,10,31,6,13,10,10,6,7,13,certified,complete_exact
245-0214,11,30,13,20,16,14,21,15,20,certified,complete_exact
245-0214,12,31,12,19,12,13,15,14,19,certified,complete_exact
245-0223,1,31,23,23,26,22,27,26,26,certified,complete_exact
245-0223,2,29,12,19,12,13,21,17,19,certified_calendar_sensitivity,complete_exact
245-0223,3,31,6,8,8,7,16,7,8,certified,incomplete_requires_prediction
245-0223,4,30,19,22,21,19,25,21,22,certified,no_target_record
245-0223,5,31,7,10,11,10,12,8,11,certified,no_target_record
245-0223,6,30,5,4,5,7,9,6,7,certified,no_target_record
245-0223,7,31,10,12,11,13,19,12,13,certified,no_target_record
245-0223,8,31,8,10,10,8,15,9,10,certified,no_target_record
245-0223,9,30,14,13,15,14,16,15,15,certified,no_target_record
245-0223,10,31,6,13,10,10,6,7,13,certified,no_target_record
245-0223,11,30,13,20,16,14,21,15,20,certified,no_target_record
245-0223,12,31,12,19,12,13,15,14,19,certified,no_target_record
245-0227,1,31,23,23,26,22,27,26,26,certified,complete_exact
245-0227,2,29,12,19,12,13,21,17,19,certified_calendar_sensitivity,complete_exact
245-0227,3,31,6,8,8,7,16,7,8,certified,complete_exact
245-0227,4,30,19,22,21,19,25,21,22,certified,complete_exact
245-0227,5,31,7,10,11,10,12,8,11,certified,complete_exact
245-0227,6,30,5,4,5,7,9,6,7,certified,complete_exact
245-0227,7,31,11,12,11,13,19,11,13,certified,complete_exact
245-0227,8,31,8,10,10,8,15,9,10,certified,complete_exact
245-0227,9,30,14,13,15,14,16,15,15,certified,incomplete_requires_prediction
245-0227,10,31,6,13,10,10,6,7,13,certified,incomplete_requires_prediction
245-0227,11,30,13,20,16,14,21,15,20,certified,complete_exact
245-0227,12,31,12,19,12,13,15,14,19,certified,complete_exact
245-0233,1,31,18,15,17,18,22,18,18,certified,complete_exact
245-0233,2,29,12,19,12,13,21,17,19,certified_calendar_sensitivity,complete_exact
245-0233,3,31,6,8,8,7,16,7,8,certified,complete_exact
245-0233,4,30,19,22,21,19,25,21,22,certified,complete_exact
245-0233,5,31,7,10,11,10,12,8,11,certified,complete_exact
245-0233,6,30,5,3,4,6,7,5,6,certified,complete_exact
245-0233,7,31,11,12,11,13,19,12,13,certified,complete_exact
245-0233,8,31,8,10,10,8,15,9,10,certified,complete_exact
245-0233,9,30,14,13,15,14,16,15,15,certified,incomplete_requires_prediction
245-0233,10,31,6,13,10,10,6,7,13,certified,complete_exact
245-0233,11,30,12,20,15,11,21,14,20,certified,complete_exact
245-0233,12,31,12,19,12,13,15,14,19,certified,complete_exact
245-0303,1,31,26,27,27,25,28,27,27,certified,complete_exact
245-0303,2,29,22,22,25,20,26,24,25,certified_calendar_sensitivity,complete_exact
245-0303,3,31,20,22,24,20,28,23,24,certified,complete_exact
245-0303,4,30,23,24,25,24,27,24,25,certified,complete_exact
245-0303,5,31,25,27,27,25,28,26,27,certified,complete_exact
245-0303,6,30,19,15,14,16,26,21,21,certified,complete_exact
245-0303,7,31,22,22,24,22,26,23,24,certified,complete_exact
245-0303,8,31,19,14,15,16,26,19,19,certified,complete_exact
245-0303,9,30,25,23,26,24,26,27,27,certified,incomplete_requires_prediction
245-0303,10,31,21,22,24,21,27,23,24,certified,incomplete_requires_prediction
245-0303,11,30,19,22,22,19,25,21,22,certified,complete_exact
245-0303,12,31,23,25,26,22,26,24,26,certified,complete_exact
245-0947,1,31,25,27,27,25,28,26,27,certified,complete_exact
245-0947,2,29,20,20,22,19,26,21,22,certified_calendar_sensitivity,complete_exact
245-0947,3,31,20,22,24,20,28,22,24,certified,incomplete_requires_prediction
245-0947,4,30,22,24,25,21,27,24,25,certified,incomplete_requires_prediction
245-0947,5,31,24,27,26,25,28,26,27,certified,complete_exact
245-0947,6,30,19,15,14,16,26,21,21,certified,complete_exact
245-0947,7,31,19,19,18,21,25,20,21,certified,complete_exact
245-0947,8,31,17,14,14,16,26,19,19,certified,complete_exact
245-0947,9,30,25,23,26,24,26,27,27,certified,incomplete_requires_prediction
245-0947,10,31,21,22,24,21,27,23,24,certified,complete_exact
245-0947,11,30,15,14,17,16,21,17,17,certified,complete_exact
245-0947,12,31,20,24,24,20,22,22,24,certified,complete_exact
255-0373,1,31,14,15,15,16,21,15,16,certified,incomplete_requires_prediction
255-0373,2,29,6,7,8,8,10,7,8,certified_calendar_sensitivity,complete_exact
255-0373,3,31,7,10,10,8,8,8,10,certified,complete_exact
255-0373,4,30,8,13,12,11,20,10,13,certified,complete_exact
255-0373,5,31,9,12,12,11,12,10,12,certified,complete_exact
255-0373,6,30,5,5,5,7,5,5,7,certified,complete_exact
255-0373,7,31,11,10,10,12,13,12,12,certified,complete_exact
255-0373,8,31,5,5,5,7,6,6,7,certified,complete_exact
255-0373,9,30,5,8,9,7,5,6,9,certified,incomplete_requires_prediction
255-0373,10,31,5,7,7,11,7,6,11,certified,complete_exact
255-0373,11,30,7,9,9,9,8,8,9,certified,complete_exact
255-0373,12,31,13,14,12,13,15,14,14,certified,complete_exact
265-0163,1,31,23,23,26,22,27,26,26,certified,complete_exact
265-0163,2,29,12,19,12,13,21,17,19,certified_calendar_sensitivity,complete_exact
265-0163,3,31,7,8,8,10,22,8,10,certified,complete_exact
265-0163,4,30,19,22,21,19,25,21,22,certified,complete_exact
265-0163,5,31,7,10,11,10,11,8,11,certified,complete_exact
265-0163,6,30,5,4,4,7,9,6,7,certified,complete_exact
265-0163,7,31,13,14,12,15,20,14,15,certified,complete_exact
265-0163,8,31,8,10,10,8,15,9,10,certified,complete_exact
265-0163,9,30,14,13,15,14,16,15,15,certified,incomplete_requires_prediction
265-0163,10,31,6,13,10,10,6,7,13,certified,complete_exact
265-0163,11,30,17,23,19,16,22,19,23,certified,complete_exact
265-0163,12,31,25,27,27,25,25,26,27,certified,complete_exact
269-0123,1,31,15,11,15,16,18,16,16,certified,complete_exact
269-0123,2,29,6,6,8,8,10,7,8,certified_calendar_sensitivity,complete_exact
269-0123,3,31,9,8,10,10,14,10,10,certified,complete_exact
269-0123,4,30,8,13,12,11,20,10,13,certified,complete_exact
269-0123,5,31,9,12,12,11,12,10,12,certified,complete_exact
269-0123,6,30,6,6,7,9,14,7,9,certified,complete_exact
269-0123,7,31,11,10,10,12,12,11,12,certified,complete_exact
269-0123,8,31,6,7,9,7,11,7,9,certified,complete_exact
269-0123,9,30,5,8,9,7,5,6,9,certified,incomplete_requires_prediction
269-0123,10,31,5,7,7,11,7,6,11,certified,complete_exact
269-0123,11,30,11,15,12,11,19,13,15,certified,complete_exact
269-0123,12,31,12,14,12,13,15,14,14,certified,complete_exact
275-0074,1,31,14,15,15,16,21,15,16,certified,complete_exact
275-0074,2,29,6,7,8,8,10,7,8,certified_calendar_sensitivity,complete_exact
275-0074,3,31,8,12,10,8,12,10,12,certified,complete_exact
275-0074,4,30,9,8,10,11,20,10,11,certified,complete_exact
275-0074,5,31,9,12,12,11,12,10,12,certified,complete_exact
275-0074,6,30,6,6,8,9,14,7,9,certified,complete_exact
275-0074,7,31,11,10,10,12,13,12,12,certified,complete_exact
275-0074,8,31,6,7,10,7,13,8,10,certified,complete_exact
275-0074,9,30,16,17,17,16,20,18,18,certified,incomplete_requires_prediction
275-0074,10,31,5,7,7,11,7,6,11,certified,complete_exact
275-0074,11,30,11,15,13,11,19,13,15,certified,complete_exact
275-0074,12,31,13,14,12,13,15,14,14,certified,complete_exact
275-0123,1,31,14,15,15,16,21,15,16,certified,complete_exact
275-0123,2,29,6,7,8,8,10,7,8,certified_calendar_sensitivity,complete_exact
275-0123,3,31,8,12,10,8,12,10,12,certified,complete_exact
275-0123,4,30,9,8,10,11,20,10,11,certified,complete_exact
275-0123,5,31,9,12,12,11,12,10,12,certified,complete_exact
275-0123,6,30,6,6,8,9,14,7,9,certified,complete_exact
275-0123,7,31,11,10,10,12,13,12,12,certified,complete_exact
275-0123,8,31,6,7,10,7,13,8,10,certified,incomplete_requires_prediction
275-0123,9,30,16,17,17,16,20,18,18,certified,incomplete_requires_prediction
275-0123,10,31,5,7,7,11,7,6,11,certified,complete_exact
275-0123,11,30,11,15,13,11,19,13,15,certified,complete_exact
275-0123,12,31,13,14,12,13,15,14,14,certified,complete_exact
275-0265,1,31,14,15,15,16,21,15,16,certified,complete_exact
275-0265,2,29,6,7,8,8,10,7,8,certified_calendar_sensitivity,complete_exact
275-0265,3,31,8,12,10,8,12,10,12,certified,complete_exact
275-0265,4,30,9,8,10,11,20,10,11,certified,complete_exact
275-0265,5,31,9,12,12,11,12,10,12,certified,complete_exact
275-0265,6,30,6,6,8,9,14,7,9,certified,complete_exact
275-0265,7,31,11,10,10,12,13,12,12,certified,complete_exact
275-0265,8,31,5,5,5,7,6,6,7,certified,complete_exact
275-0265,9,30,16,17,17,16,20,18,18,certified,incomplete_requires_prediction
275-0265,10,31,5,7,7,11,7,6,11,certified,incomplete_requires_prediction
275-0265,11,30,11,15,13,11,19,13,15,certified,complete_exact
275-0265,12,31,13,14,12,13,15,14,14,certified,complete_exact
277-0256,1,31,22,23,26,22,27,26,26,certified,complete_exact
277-0256,2,29,12,19,11,13,21,16,19,certified_calendar_sensitivity,complete_exact
277-0256,3,31,7,8,8,10,20,8,10,certified,complete_exact
277-0256,4,30,18,22,21,19,25,21,22,certified,complete_exact
277-0256,5,31,7,10,11,10,11,8,11,certified,complete_exact
277-0256,6,30,5,4,5,7,8,6,7,certified,complete_exact
277-0256,7,31,13,14,12,15,20,14,15,certified,complete_exact
277-0256,8,31,8,10,10,8,15,9,10,certified,incomplete_requires_prediction
277-0256,9,30,14,12,15,14,16,15,15,certified,incomplete_requires_prediction
277-0256,10,31,6,13,10,10,6,7,13,certified,incomplete_requires_prediction
277-0256,11,30,17,23,18,16,22,19,23,certified,complete_exact
277-0256,12,31,24,27,26,24,25,25,27,certified,complete_exact
281-0161,1,31,25,25,26,25,28,27,27,certified,incomplete_requires_prediction
281-0161,2,29,22,22,25,20,26,24,25,certified_calendar_sensitivity,complete_exact
281-0161,3,31,20,22,24,20,28,23,24,certified,complete_exact
281-0161,4,30,23,24,25,24,27,24,25,certified,complete_exact
281-0161,5,31,25,27,27,25,28,26,27,certified,complete_exact
281-0161,6,30,19,15,14,16,26,21,21,certified,complete_exact
281-0161,7,31,22,22,24,22,26,23,24,certified,incomplete_requires_prediction
281-0161,8,31,19,14,14,16,26,19,19,certified,complete_exact
281-0161,9,30,24,22,26,24,26,26,26,certified,incomplete_requires_prediction
281-0161,10,31,21,22,24,21,27,23,24,certified,complete_exact
281-0161,11,30,19,22,22,19,25,21,22,certified,complete_exact
281-0161,12,31,22,25,25,22,26,24,25,certified,incomplete_requires_prediction
283-0201,1,31,23,23,26,22,27,26,26,certified,complete_exact
283-0201,2,29,12,19,12,13,21,17,19,certified_calendar_sensitivity,complete_exact
283-0201,3,31,7,8,7,8,20,7,8,certified,complete_exact
283-0201,4,30,19,22,21,19,25,21,22,certified,complete_exact
283-0201,5,31,7,10,11,10,12,8,11,certified,complete_exact
283-0201,6,30,5,4,5,7,9,6,7,certified,complete_exact
283-0201,7,31,13,14,12,15,20,14,15,certified,complete_exact
283-0201,8,31,7,9,10,8,15,9,10,certified,incomplete_requires_prediction
283-0201,9,30,14,13,15,14,16,15,15,certified,no_target_record
283-0201,10,31,6,13,10,10,6,7,13,certified,incomplete_requires_prediction
283-0201,11,30,17,23,19,16,22,20,23,certified,incomplete_requires_prediction
283-0201,12,31,25,27,27,25,25,26,27,certified,incomplete_requires_prediction
285-0227,1,31,18,15,16,18,18,19,19,certified,complete_exact
285-0227,2,29,6,7,8,8,11,8,8,certified_calendar_sensitivity,complete_exact
285-0227,3,31,6,8,8,7,16,7,8,certified,complete_exact
285-0227,4,30,6,10,8,9,9,8,10,certified,complete_exact
285-0227,5,31,7,10,11,10,12,8,11,certified,complete_exact
285-0227,6,30,5,4,5,7,9,6,7,certified,complete_exact
285-0227,7,31,11,11,11,13,19,12,13,certified,complete_exact
285-0227,8,31,3,3,4,5,3,3,5,certified,complete_exact
285-0227,9,30,14,13,15,14,16,15,15,certified,incomplete_requires_prediction
285-0227,10,31,5,10,6,10,6,6,10,certified,complete_exact
285-0227,11,30,17,23,19,16,22,20,23,certified,incomplete_requires_prediction
285-0227,12,31,25,27,27,25,25,26,27,certified,complete_exact
285-0234,1,31,18,15,16,18,18,19,19,certified,complete_exact
285-0234,2,29,6,7,8,8,11,7,8,certified_calendar_sensitivity,complete_exact
285-0234,3,31,6,8,8,7,16,7,8,certified,complete_exact
285-0234,4,30,6,10,7,9,8,8,10,certified,complete_exact
285-0234,5,31,7,10,11,10,12,8,11,certified,complete_exact
285-0234,6,30,5,4,5,7,9,6,7,certified,complete_exact
285-0234,7,31,11,12,11,13,19,12,13,certified,complete_exact
285-0234,8,31,3,3,4,5,3,3,5,certified,complete_exact
285-0234,9,30,14,13,15,14,16,15,15,certified,incomplete_requires_prediction
285-0234,10,31,5,10,6,10,6,6,10,certified,complete_exact
285-0234,11,30,17,23,19,16,22,20,23,certified,complete_exact
285-0234,12,31,25,27,27,25,25,26,27,certified,complete_exact
285-0243,1,31,18,15,16,18,18,18,18,certified,complete_exact
285-0243,2,29,12,19,12,13,21,17,19,certified_calendar_sensitivity,complete_exact
285-0243,3,31,6,8,7,7,12,7,8,certified,incomplete_requires_prediction
285-0243,4,30,19,22,21,19,25,21,22,certified,no_target_record
285-0243,5,31,7,10,11,10,11,8,11,certified,no_target_record
285-0243,6,30,5,3,4,7,9,6,7,certified,no_target_record
285-0243,7,31,13,14,12,15,20,14,15,certified,no_target_record
285-0243,8,31,8,10,10,8,15,9,10,certified,no_target_record
285-0243,9,30,14,13,15,14,16,15,15,certified,no_target_record
285-0243,10,31,5,10,6,8,5,6,10,certified,no_target_record
285-0243,11,30,17,23,19,16,22,19,23,certified,no_target_record
285-0243,12,31,25,27,27,25,25,26,27,certified,no_target_record
285-0248,1,31,18,15,16,18,18,18,18,certified,complete_exact
285-0248,2,29,12,19,12,13,21,17,19,certified_calendar_sensitivity,complete_exact
285-0248,3,31,6,8,7,7,11,7,8,certified,incomplete_requires_prediction
285-0248,4,30,19,22,21,19,25,21,22,certified,incomplete_requires_prediction
285-0248,5,31,7,10,10,10,11,8,10,certified,no_target_record
285-0248,6,30,5,3,4,7,8,6,7,certified,no_target_record
285-0248,7,31,13,14,12,15,20,14,15,certified,no_target_record
285-0248,8,31,7,10,5,8,9,9,10,certified,no_target_record
285-0248,9,30,14,12,15,14,16,15,15,certified,no_target_record
285-0248,10,31,5,10,6,8,5,6,10,certified,no_target_record
285-0248,11,30,17,23,19,16,22,19,23,certified,no_target_record
285-0248,12,31,25,27,27,25,25,26,27,certified,no_target_record
295-0035,1,31,14,15,15,16,21,15,16,certified,complete_exact
295-0035,2,29,6,7,8,8,10,7,8,certified_calendar_sensitivity,complete_exact
295-0035,3,31,7,10,10,8,8,8,10,certified,complete_exact
295-0035,4,30,8,13,12,11,20,10,13,certified,complete_exact
295-0035,5,31,9,12,12,11,12,10,12,certified,complete_exact
295-0035,6,30,5,5,5,7,5,5,7,certified,complete_exact
295-0035,7,31,11,10,10,12,13,12,12,certified,complete_exact
295-0035,8,31,4,7,5,6,4,5,7,certified,complete_exact
295-0035,9,30,5,8,9,7,5,6,9,certified,complete_exact
295-0035,10,31,5,7,7,11,7,6,11,certified,complete_exact
295-0035,11,30,7,9,9,9,8,8,9,certified,complete_exact
295-0035,12,31,13,19,14,14,12,15,19,certified,complete_exact
297-0018,1,31,14,15,15,16,21,15,16,certified,complete_exact
297-0018,2,29,6,7,8,8,10,7,8,certified_calendar_sensitivity,complete_exact
297-0018,3,31,7,10,10,8,8,8,10,certified,complete_exact
297-0018,4,30,8,13,12,11,20,10,13,certified,complete_exact
297-0018,5,31,9,12,12,11,12,10,12,certified,complete_exact
297-0018,6,30,5,5,5,7,5,5,7,certified,complete_exact
297-0018,7,31,11,10,10,12,12,12,12,certified,complete_exact
297-0018,8,31,4,7,5,6,4,5,7,certified,complete_exact
297-0018,9,30,5,8,9,7,5,6,9,certified,incomplete_requires_prediction
297-0018,10,31,5,7,7,11,7,6,11,certified,complete_exact
297-0018,11,30,7,9,9,9,8,8,9,certified,complete_exact
297-0018,12,31,13,19,14,14,12,15,19,certified,complete_exact
299-0007,1,31,14,15,15,16,21,15,16,certified,complete_exact
299-0007,2,29,6,7,8,8,10,7,8,certified_calendar_sensitivity,complete_exact
299-0007,3,31,10,14,11,10,15,11,14,certified,complete_exact
299-0007,4,30,6,7,8,9,6,6,9,certified,incomplete_requires_prediction
299-0007,5,31,9,12,12,11,12,10,12,certified,complete_exact
299-0007,6,30,6,6,7,9,14,6,9,certified,complete_exact
299-0007,7,31,13,15,14,15,20,15,15,certified,complete_exact
299-0007,8,31,6,7,10,7,13,7,10,certified,incomplete_requires_prediction
299-0007,9,30,16,17,17,16,20,18,18,certified,incomplete_requires_prediction
299-0007,10,31,5,7,7,11,7,6,11,certified,complete_exact
299-0007,11,30,7,9,8,9,7,8,9,certified,complete_exact
299-0007,12,31,13,14,12,13,15,14,14,certified,complete_exact
313-0101,1,31,18,15,16,18,18,18,18,certified,complete_exact
313-0101,2,29,6,7,8,8,10,7,8,certified_calendar_sensitivity,incomplete_requires_prediction
313-0101,3,31,6,8,8,7,14,7,8,certified,complete_exact
313-0101,4,30,19,22,21,19,25,21,22,certified,complete_exact
313-0101,5,31,7,10,11,10,12,8,11,certified,complete_exact
313-0101,6,30,5,4,5,7,9,6,7,certified,complete_exact
313-0101,7,31,13,14,12,15,20,14,15,certified,complete_exact
313-0101,8,31,3,3,4,5,3,3,5,certified,complete_exact
313-0101,9,30,14,13,15,14,16,15,15,certified,incomplete_requires_prediction
313-0101,10,31,5,10,6,8,6,6,10,certified,complete_exact
313-0101,11,30,17,23,19,16,22,20,23,certified,complete_exact
313-0101,12,31,25,27,27,25,25,26,27,certified,complete_exact
